ID,FULLNAME,POS,AGE,GP,MPG,MINPER,USG,TOr,FTA,FTPER,2PA,2PPER,THRPA,THRPER,PPG,POINTS,RPG,APG,SPG,BPG,TOPG,TEAM,TRUE,Height,Weight,ORTG,DRTG
1,Aaron Brooks,SG,25,15,18.6,38.8,14.5,0.087,,,50,0.46,,,5.1,76.5,2.5,1.2,0.13,0.2,0.53,Orl,45.38443284,72,161,103.1,100.4
2,Aaron Gordon,SF,22,58,32.9,68.6,24.7,0.1,225,0.698,523,0.497,342,0.336,17.6,1020.8,7.9,2.3,1.02,0.78,1.84,Orl,52.94605809,81,220,103.6,106.2
3,Aaron Harrison,SG,22,26,12.39230769,25.81730769,15.33076923,0.089423077,,,50,0.36006,40,0.3003,3.442307692,89.49999999,1.288461538,0.480769231,0.384615385,0.038461538,0.384615385,Tor,44.89365971,78,210,87.9,100.8
4,Aaron Jackson,SG,24,23,14.7,30.6,12.5,0.053,,,51,0.431,34,0.412,4.1,94.3,1.6,0.7,0.57,0.04,0.22,Ind,52.48219056,75,183,91.3,101.6
5,Abdel Nader,SF,24,48,10.9,22.6,17.1,0.17,39,0.59,84,0.321,65,0.354,3,144,1.5,0.5,0.31,0.21,0.71,Bos,43.33172845,78,230,83.1,99.1
6,Adreian Payne,PG,22,16,8.7625,18.25520833,29.4375,0.17725,,,51,0.333,,,3.5375,56.6,1.125,1.225,0.18375,0.06125,0.99875,Det,37.59298618,82,237,140.6,97.1
7,Al Horford,C,31,72,31.6,65.9,18.4,0.141,120,0.783,527,0.514,226,0.429,12.9,928.8,7.4,4.7,0.6,1.08,1.83,Bos,57.63216679,82,245,115.4,100.4
8,Al Jefferson,C,33,36,13.4,28,22.6,0.086,36,0.833,205,0.541,,,7,252,4,0.8,0.44,0.64,0.58,Ind,56.29020729,82,280,112.9,93.9
9,Alan Williams,SF,25,20,18.9,39.4,15.7,0.144,,,51,0.431,58,0.328,5.4,108,1.9,1.1,1.55,0.3,0.95,Mem,47.61904762,80,265,86.2,90.5
10,Alec Burks,SG,26,64,16.5,34.5,22.5,0.114,124,0.863,272,0.452,142,0.331,7.7,492.8,3,1,0.58,0.13,0.94,Uta,52.58664845,78,214,102,99.2
11,Alec Peters,PF,20,27,7,14.6,19.9,0.209,,,52,0.442,,,2.3,62.1,2,0.5,0.19,0.11,0.67,Por,45.7155477,81,235,111.4,111.8
12,Alex Abrines,SG,24,75,15.1,31.5,12.7,0.074,46,0.848,70,0.443,221,0.38,4.7,352.5,1.5,0.4,0.51,0.11,0.33,Okc,56.62832541,78,190,115.7,100.9
13,Alex Caruso,SG,23,37,15.2,31.6,12.9,0.245,30,0.7,73,0.507,43,0.302,3.6,133.2,1.8,2,0.65,0.24,1.14,Lal,51.54798762,77,186,98,102.6
14,Alex Len,C,24,69,20.2,42.1,17,0.14,231,0.684,375,0.568,,,8.5,586.5,7.5,1.2,0.39,0.88,1.13,Pho,61.1396047,85,250,121.2,101.9
15,Alex Poythress,PF,25,33,7.7,16,16.1,0.108,,,52,0.673,,,3.4,112.2,2.1,0.5,0.21,0,0.3,Por,67.72090777,81,235,108,96.4
16,Al-Farouq Aminu,SF,27,69,30,62.6,14.8,0.113,80,0.738,243,0.432,339,0.369,9.3,641.7,7.6,1.2,1.14,0.58,1.14,Por,51.98476993,81,220,105.2,100.5
17,Alfonzo McKinnie,SG,29,58,12.47413793,25.98778736,7.965517241,0.154551724,,,53,0.396207547,53,0.358924528,1.706896552,99.00000002,1.320689655,0.853448276,0.637241379,0.240862069,0.345517241,Nor,45.74861369,80,215,,
18,Allen Crabbe,SG,25,75,29.3,61,19,0.08,135,0.852,295,0.461,532,0.378,13.2,990,4.3,1.6,0.63,0.48,1.03,Bro,55.84386282,78,215,107.9,106.6
19,Amir Johnson,PF,30,74,15.8,33,12.8,0.156,85,0.612,228,0.57,32,0.313,4.6,340.4,4.5,1.6,0.61,0.59,0.74,Phi,57.22932078,81,240,120.2,90.2
20,Andre Drummond,C,24,78,33.7,70.1,21.2,0.159,395,0.605,870,0.536,,,15,1170,16,3,1.46,1.63,2.56,Det,55.46075085,83,279,112.8,94.2
21,Andre Iguodala,SF,34,64,25.4,52.8,11.5,0.158,87,0.632,203,0.567,117,0.282,6,384,3.8,3.3,0.84,0.59,1.05,Gol,53.58937144,78,215,113,106.5
22,Andre Ingram,PF,24,21,21.3,44.5,15.1,0.141,,,54,0.481,67,0.299,5.9,123.9,3.6,1.2,0.48,0.19,1,Dal,48.55015674,75,190,123.9,107.4
23,Andre Roberson,SF,26,39,26.6,55.4,8.6,0.144,38,0.316,126,0.627,36,0.222,5,195,4.7,1.2,1.15,0.9,0.77,Okc,54.55461056,79,210,113.4,102
24,Andrew Bogut,SG,24,41,12.79268293,26.65142276,15.4,0.168292683,,,54,0.370777778,100,0.39996,4.456097561,182.7,1.565853659,0.968292683,0.217560976,0.093902439,0.635853659,Bro,54.77932358,84,260,105.9,90.1
25,Andrew Harrison,SG,23,56,23.7,49.3,19.6,0.14,159,0.78,287,0.467,142,0.331,9.5,532,2.3,3.2,0.68,0.46,1.45,Mem,53.31088664,78,213,106.7,105.6
26,Andrew White III,SG,23,16,18.1,37.7,18.8,0.081,,,55,0.4,52,0.25,6,96,1.7,1.1,0.19,0.19,0.63,Orl,42.25352113,79,210,88,108.8
27,Andrew Wiggins,SF,22,82,36.3,75.7,23.4,0.088,314,0.643,962,0.475,338,0.331,17.7,1451.4,4.4,2,1.11,0.62,1.68,Min,50.4603104,80,202,101.2,109.5
28,Ante Zizic,SF,28,50,14.282,29.75416667,15.06,0.078,,,59,0.525559322,156,0.384173077,5.164,258.2,1.94,0.622,0.1614,0.1426,0.384,Mia,57.45949795,83,250,137.8,99.9
29,Anthony Brown,SG,29,11,30.3,63.2,19.6,0.165,,,59,0.407,60,0.4,12.2,134.2,4.1,2.9,1.64,0.45,2.27,Lac,53.05186591,79,224,,
30,Anthony Davis,PF,24,75,36.4,75.8,30,0.086,598,0.828,1300,0.558,162,0.34,28.1,2107.5,11.1,2.3,1.53,2.57,2.16,Nor,61.08270729,82,253,119.3,102.7
31,Anthony Tolliver,PF,32,79,22.2,46.3,14.8,0.099,131,0.802,107,0.561,365,0.436,8.9,703.1,3.1,1.1,0.41,0.27,0.73,Det,66.37527377,80,240,125.9,103.2
32,Antonio Blakeney,SG,21,19,16.5,34.4,23.7,0.064,39,0.769,91,0.418,52,0.288,7.9,150.1,1.7,1.1,0.37,0.05,0.58,Chi,46.85939061,76,197,96.4,109.6
33,Antonius Cleveland,C,25,49,8.5,17.8,11.4,0.148,,,61,0.721,,,2.5,122.5,1.8,0.4,0.47,0.88,0.33,Tor,66.34532062,78,195,70.7,95.6
34,Aron Baynes,C,31,81,18.3,38.2,16.9,0.143,78,0.756,425,0.487,,,6,486,5.3,1.1,0.27,0.63,0.99,Bos,50.59127249,82,260,103.2,91.8
35,Arron Afflalo,PF,23,18,13.3,27.7,17.5,0.167,,,63,0.492,,,4.4,79.2,2.3,0.9,0.11,0.22,0.89,Nyk,49.54954955,77,210,98.8,108.1
36,Austin Rivers,SG,25,61,33.7,70.2,20.7,0.111,159,0.642,445,0.461,360,0.378,15.1,921.1,2.4,4,1.21,0.26,1.79,Lac,52.63669196,76,200,105.5,107.7
37,Avery Bradley,SG,27,46,31.15217391,64.90036232,23.39565217,0.131956522,82,0.768780488,422,0.436080569,203,0.369029557,14.24347826,655.2,2.569565217,2.060869565,1.10826087,0.178695652,2.199565217,Lac,49.55527319,74,180,92.4,105.5
38,Bam Adebayo,PF,20,69,19.8,41.3,15.9,0.136,179,0.721,333,0.523,,,6.9,476.1,5.5,1.5,0.46,0.59,0.96,Mia,56.84640367,82,255,116.7,98.3
39,Ben McLemore,SG,24,56,19.5,40.6,19,0.132,64,0.828,214,0.477,159,0.346,7.5,420,2.5,0.9,0.68,0.27,1.09,Mem,52.34819025,77,195,98.9,101.9
40,Ben Moore,PF,23,39,13.3,27.7,14.8,0.08,,,63,0.556,89,0.36,4.7,183.3,3.3,0.7,0.23,0.1,0.36,Atl,56.84073431,80,220,,66.8
41,Ben Simmons,PG,21,81,33.7,70.3,22.3,0.195,341,0.56,987,0.551,,,15.8,1279.8,8.1,8.2,1.73,0.86,3.43,Phi,55.73847601,82,230,110.5,98.7
42,Bismack Biyombo,C,25,82,18.2,38,14.9,0.166,157,0.65,351,0.521,,,5.7,467.4,5.7,0.8,0.26,1.16,1.02,Orl,55.50014249,81,255,108.7,101.2
43,Blake Griffin,PF,28,58,33.93965517,70.70761494,28.91206897,0.126275862,330,0.784663636,674,0.48170178,322,0.344515528,21.39310345,1240.8,7.339655172,5.744827586,0.707413793,0.308793103,2.844827586,Det,54.36382755,82,251,110.1,105
44,Boban Marjanovic,C,29,39,8.641025641,18.00213675,29.3025641,0.156358974,97,0.79356701,148,0.533918919,,,6.046153846,235.8,3.717948718,0.546153846,0.256153846,0.284102564,0.924102564,Lac,61.83134046,87,290,107.1,90
45,Bobby Brown,PF,23,23,12.4,25.7,17.1,0.166,,,66,0.561,,,4,92,3.6,0.4,0.26,0.43,0.78,Mia,50.90748119,74,175,82.8,105.3
46,Bobby Portis,PF,22,73,22.5,46.9,26,0.105,156,0.769,588,0.514,223,0.359,13.2,963.6,6.8,1.7,0.67,0.32,1.41,Chi,54.77240689,83,248,108.2,104.3
47,Bogdan Bogdanovic,SG,25,78,27.9,58.1,19.6,0.132,119,0.84,443,0.485,329,0.392,11.8,920.4,2.9,3.3,0.92,0.21,1.6,Sac,55.82512495,78,205,107.4,107.9
48,Bojan Bogdanovic,SF,28,80,30.8,64.2,18.9,0.1,205,0.868,466,0.534,386,0.402,14.3,1144,3.4,1.5,0.69,0.1,1.31,Ind,60.70897899,80,230,114.7,108.2
49,Bradley Beal,SG,24,82,36.3,75.6,27.6,0.115,369,0.791,954,0.507,530,0.375,22.6,1853.2,4.4,4.5,1.18,0.44,2.61,Was,56.28173668,77,207,109.4,107.6
50,Brandan Wright,PF,30,28,13.56428571,28.25892857,14.67857143,0.063642857,33,0.636,102,0.578676471,,,4.964285714,139,3.35,0.482142857,0.462857143,0.9325,0.289285714,Mem,59.64641263,82,235,124,105.2
51,Brandon Ingram,SF,20,59,33.5,69.7,22.2,0.144,282,0.681,656,0.483,105,0.39,16.1,949.9,5.3,3.9,0.76,0.73,2.53,Lal,53.66181588,81,190,103.6,103.7
52,Brandon Jennings,PF,21,32,6.7,14,18.7,0.121,,,67,0.731,,,3.7,118.4,1.9,0.2,0.06,0.41,0.34,Cle,74.222668,73,170,98.9,109.1
53,Brandon Paul,SG,26,64,9,18.7,13.6,0.166,43,0.512,73,0.548,54,0.278,2.3,147.2,1.1,0.6,0.39,0.11,0.45,San,50.43859649,76,200,93.8,97.4
54,Briante Weber,SF,26,69,14.2,29.6,9.5,0.12,,,67,0.403,115,0.287,2.3,158.7,2.3,0.3,0.22,0.62,0.38,Okc,41.58805031,74,165,106.8,89.9
55,Brice Johnson,PG,22,16,11.2,23.4,28.5,0.203,,,68,0.485,,,6.3,100.8,1.6,1.3,0.5,0.13,1.5,Bro,53.41246291,82,230,102.6,82.5
56,Brook Lopez,C,29,74,23.4,48.8,23.5,0.102,158,0.703,468,0.549,325,0.345,13,962,4,1.7,0.39,1.32,1.32,Lal,55.7668228,84,268,108,100.8
57,Bruno Caboclo,PF,22,11,16,33.3,24.9,0.093,,,69,0.565,,,8.7,95.7,4.5,0.6,0.27,0.18,0.82,Dal,54.79844251,81,205,,
58,Bryn Forbes,SG,24,80,19,39.5,16.7,0.065,72,0.667,269,0.446,228,0.39,6.9,552,1.4,1,0.35,0.03,0.46,San,52.20549293,75,190,105.7,103.4
59,Buddy Hield,SG,24,80,25.3,52.7,24.3,0.113,81,0.877,525,0.457,408,0.431,13.5,1080,3.8,1.9,1.06,0.28,1.55,Sac,55.74826561,76,214,104.9,106.9
60,C.J. Williams,SG,29,7,27.5,57.3,29.9,0.125,,,70,0.457,32,0.594,20.1,140.7,3.1,3.6,1.57,0.43,2.29,Mem,62.74527292,77,230,104.6,105.5
61,Caleb Swanigan,SF,24,22,15.6,32.6,12.5,0.083,,,71,0.549,,,4.7,103.4,3.5,0.4,0.36,1,0.36,Sac,58.72330759,80,250,88.1,86.9
62,Cameron Payne,PG,27,38,18.7,39,13.5,0.23,,,74,0.351,78,0.372,4.3,163.4,1.7,3.8,0.37,0,1.29,Mil,49.85355138,75,185,104.8,106.4
63,Caris LeVert,SG,23,71,26.2,54.7,22.5,0.158,187,0.711,490,0.48,245,0.347,12.1,859.1,3.7,4.2,1.15,0.31,2.15,Bro,52.55848669,79,203,102.9,104.9
64,Carmelo Anthony,SF,33,78,32.1,66.8,23.2,0.073,193,0.767,695,0.436,474,0.357,16.2,1263.6,5.8,1.3,0.6,0.63,1.27,Okc,50.38598954,80,240,103.6,102.9
65,Cedi Osman,SF,22,61,11,23,15.7,0.134,46,0.565,99,0.586,87,0.368,3.9,237.9,2,0.7,0.36,0.05,0.52,Cle,57.67552366,80,215,107.9,101.7
66,Chandler Parsons,SG,36,22,12.4,25.8,18.9,0.159,,,79,0.506,,,4.7,103.4,2.1,0.4,0.5,0.14,0.86,Nor,51.57621708,82,230,110.1,108.1
67,Channing Frye,C,31,33,8.6,18,21.7,0.114,,,83,0.494,32,0.125,3.4,112.2,1.6,0.4,0.09,0.39,0.48,Was,45.1545396,83,255,115.2,102.6
68,Charles Cooke,PF,21,38,8.7,18,23.8,0.102,,,86,0.384,60,0.333,4,152,2.1,0.5,0.13,0,0.47,Det,47.87100025,77,196,,
69,Cheick Diallo,PF,21,52,11.2,23.3,17.3,0.116,66,0.758,176,0.58,,,4.9,254.8,4,0.4,0.21,0.4,0.52,Nor,62.13421771,81,220,118.8,94
70,Chinanu Onuaku,SG,32,53,12.9,26.8,12.5,0.108,,,92,0.413,70,0.386,3.4,180.2,1.2,0.6,0.08,0.17,0.4,Orl,51.94880074,82,245,62.6,91.7
71,Chris Boucher,SG,25,15,27,56.2,19.3,0.078,,,92,0.511,60,0.25,10.7,160.5,4.7,1.9,1.27,0.07,0.93,Atl,48.70721049,82,200,,
72,Chris McCullough,SG,23,44,10.8,22.4,17.3,0.09,,,93,0.538,68,0.324,4.1,180.4,1.9,0.7,0.27,0.05,0.39,Nyk,52.71154745,81,215,104.5,102.8
73,Chris Paul,PG,32,58,31.8,66.3,24.5,0.125,221,0.919,419,0.532,379,0.38,18.6,1078.8,5.4,7.9,1.67,0.22,2.21,Hou,60.25199946,72,175,126.1,99.6
74,CJ McCollum,SG,26,81,36.1,75.2,26.5,0.086,250,0.836,1029,0.465,476,0.397,21.4,1733.4,4,3.4,0.95,0.43,1.86,Por,53.66563467,75,190,108.4,105.4
75,CJ Miles,SF,30,70,19.1,39.8,22.3,0.057,97,0.835,145,0.434,454,0.361,10,700,2.2,0.8,0.53,0.3,0.56,Tor,54.54432116,78,225,108.7,100.7
76,Clint Capela,C,23,74,27.5,57.3,19.4,0.115,257,0.56,675,0.653,,,13.9,1028.6,10.8,0.9,0.78,1.86,1.39,Hou,65.17716835,82,240,126.6,96.4
77,Cody Zeller,PF,25,33,19,39.6,15.7,0.146,85,0.718,153,0.542,,,7.1,234.3,5.4,0.9,0.42,0.64,1,Cha,60.57394002,84,240,119.6,97.2
78,Cole Aldrich,PF,20,53,8.7,18.1,14.9,0.065,,,94,0.489,42,0.429,2.9,153.7,1.5,0.2,0.09,0.08,0.19,Ind,53.72623043,83,253,,
79,Corey Brewer,SF,31,72,16.825,35.05208333,14.225,0.13825,90,0.722466667,206,0.53888835,110,0.281627273,5.3,381.6,2.125,0.925,1.0975,0.195,0.6775,Okc,53.65579303,81,186,97,98.4
80,Cory Joseph,SG,26,82,27,56.1,14.8,0.12,94,0.745,413,0.458,190,0.353,7.9,647.8,3.2,3.2,0.98,0.23,1.07,Ind,50.26693153,75,190,105.8,105.9
81,Courtney Lee,SG,32,76,30.4,63.3,16.9,0.094,124,0.919,477,0.482,278,0.406,12,912,2.9,2.4,1.05,0.22,1.11,Nyk,56.32689362,77,200,112.1,111.2
82,Cristiano Felicio,C,25,55,17.8,37,13.6,0.177,81,0.667,213,0.596,,,5.6,308,4.2,1,0.29,0.2,0.98,Chi,61.44270667,81,280,114.8,103.4
83,D.J. Augustin,PG,30,75,23.5,48.9,18.6,0.164,189,0.868,268,0.485,272,0.419,10.2,765,2.1,3.8,0.71,0,1.63,Orl,61.38070479,72,183,116.4,110.3
84,D.J. Wilson,C,35,26,13.6,28.3,14.4,0.11,,,95,0.505,,,4.4,114.4,4.6,0.3,0.31,0.96,0.5,Nor,54.64272067,82,236,,
85,Dakari Johnson,C,34,53,13.13018868,27.35455975,15.29433962,0.086981132,,,97,0.670453608,115,0.338869565,4.969811321,263.4,2.550943396,0.68490566,0.34245283,0.261509434,0.398490566,Lal,59.76583772,84,255,126.8,93.2
86,Damian Jones,SF,20,27,19.8,41.3,15,0.148,,,99,0.394,46,0.348,5.4,145.8,3.7,0.7,1.22,1.11,1,Orl,46.73076923,84,245,99,97.8
87,Damian Lillard,PG,27,73,36.6,76.2,30.6,0.111,538,0.916,786,0.501,629,0.361,26.9,1963.7,4.5,6.6,1.05,0.37,2.82,Por,59.44409464,75,195,120.3,106.5
88,Damien Wilkins,PF,23,30,15.7,32.8,13.8,0.181,,,104,0.529,,,4.4,132,5.6,0.7,1.03,0.73,0.87,Dal,56.25639277,78,217,89.3,110.2
89,Damion Lee,PG,19,14,18.1,37.6,23.2,0.124,,,110,0.409,,,7.1,99.4,3.1,3.8,0.79,0.29,1.21,Phi,41.33399867,78,210,100.7,106.2
90,Damyean Dotson,SF,29,36,19.2,40,18.2,0.125,,,113,0.504,121,0.421,7.9,284.4,2.5,1.9,0.5,0.31,0.97,Mem,57.83308931,77,210,106,106.7
91,D'Angelo Russell,PG,21,48,25.7,53.5,30.8,0.168,131,0.74,394,0.477,278,0.324,15.5,744,3.9,5.2,0.75,0.35,3.06,Bro,50.98404693,77,195,97.8,106.4
92,Daniel Hamilton,SG,22,54,14.4,30,14,0.104,,,114,0.439,91,0.352,4,216,2.6,0.5,0.57,0.24,0.46,Mil,50.10205975,79,195,118.1,101.9
93,Daniel Theis,PF,25,63,14.9,30.9,15.5,0.172,81,0.753,175,0.617,58,0.31,5.3,333.9,4.3,0.9,0.48,0.76,0.89,Bos,62.14636689,81,243,117.3,87.2
94,Danilo Gallinari,SF,29,21,32,66.6,20.6,0.081,87,0.931,145,0.455,111,0.324,15.3,321.3,4.8,2,0.57,0.48,1.24,Lac,54.59086584,82,225,110.7,109.6
95,Danny Green,SG,30,70,25.6,53.3,16.6,0.112,65,0.769,241,0.419,320,0.363,8.6,602,3.6,1.6,0.9,1.14,1.06,San,51.05156038,78,215,100.5,101.2
96,Dante Cunningham,SF,30,73,21.41780822,44.62043379,11.74794521,0.074657534,52,0.596615385,196,0.540954082,168,0.345071429,5.753424658,420,4.101369863,0.650684932,0.536027397,0.409452055,0.448630137,Bro,54.28039703,80,230,110.5,106
97,Dante Exum,PG,22,14,16.8,34.9,23.1,0.166,31,0.806,69,0.536,,,8.1,113.4,1.9,3.1,0.57,0.21,1.43,Uta,56.33942766,78,190,110.1,99.4
98,Danuel House,SG,24,23,17.5,36.5,16.2,0.072,31,0.806,71,0.577,58,0.259,6.6,151.8,3.3,1.1,0.3,0.26,0.48,Pho,53.21088054,79,220,110.7,110.6
99,Dario Saric,PF,23,78,29.6,61.7,20.9,0.131,207,0.86,491,0.501,399,0.393,14.6,1138.8,6.7,2.6,0.65,0.26,1.9,Phi,58.03808048,82,223,113.1,102.3
100,Darius Miller,SF,27,82,23.7,49.4,12.8,0.101,67,0.866,129,0.535,358,0.411,7.8,639.6,2,1.4,0.34,0.21,0.71,Nor,61.91914498,80,225,115,106.5
101,Darrell Arthur,SG,27,38,18.6,38.7,13.7,0.089,,,119,0.546,78,0.282,5.5,209,1.5,1.1,0.82,0.34,0.53,Lac,51.21544795,81,235,89.6,97
102,Darren Collison,PG,30,69,29.3,60.9,17.4,0.109,144,0.882,433,0.508,205,0.468,12.4,855.6,2.6,5.3,1.33,0.22,1.25,Ind,60.99577963,74,185,126.2,106.7
103,Darrun Hilliard,PG,35,50,20.284,42.25833333,13.852,0.2097,,,120,0.449875,124,0.330919355,4.904,245.2,2.046,3.558,0.5356,0.0798,1.3378,Det,48.49683544,78,220,83.8,102.8
104,David Nwaba,PG,25,70,23.5,49,15.6,0.131,203,0.655,371,0.496,52,0.346,7.9,553,4.7,1.5,0.84,0.41,1.1,Chi,53.97017489,76,209,107.2,103.4
105,David Stockton,PG,25,53,10.5,21.9,18,0.116,,,120,0.458,66,0.379,3.9,206.7,1.2,0.7,0.26,0.02,0.49,Ind,51.99738378,71,165,,
106,David West,PF,37,73,13.7,28.5,21.7,0.162,79,0.759,370,0.576,,,6.8,496.4,3.3,1.9,0.64,1.03,1.1,Gol,60.13179572,81,250,113.6,97.5
107,Davis Bertans,PF,25,77,14.1,29.4,17.4,0.085,49,0.816,114,0.588,252,0.373,5.9,454.3,2,1,0.34,0.36,0.47,San,58.6102797,82,210,115.2,99.8
108,Davon Reed,PF,26,67,12,25,9.7,0.238,,,122,0.541,,,2.1,140.7,4.1,1.2,0.46,0.76,0.63,Det,52.20391808,78,210,79.8,107.9
109,De'Aaron Fox,PG,20,73,27.7,57.8,23.4,0.164,195,0.723,644,0.436,153,0.307,11.6,846.8,2.8,4.4,0.96,0.27,2.37,Sac,47.96103308,75,175,94.6,107.8
110,DeAndre' Bembry,SF,23,26,17.5,36.5,18.2,0.248,33,0.576,98,0.429,30,0.367,5.2,135.2,2.8,1.9,0.81,0.46,1.81,Atl,47.43193938,78,210,83.5,104
111,DeAndre Jordan,C,29,77,31.5,65.6,15.2,0.161,312,0.58,578,0.645,,,12,924,15.2,1.5,0.51,0.92,1.78,Lac,64.59009059,83,265,125,99.4
112,DeAndre Liggins,PG,23,25,23.3,48.5,19.3,0.14,,,124,0.419,91,0.385,8.8,220,2.8,4.5,1.04,0.36,1.44,Chi,49.54062331,78,209,88.2,100.2
113,Dejounte Murray,PG,21,81,21.5,44.8,20.7,0.166,148,0.709,575,0.454,34,0.265,8.1,656.1,5.7,2.9,1.2,0.38,1.65,San,48.66344271,77,170,99.1,95.6
114,Delon Wright,PG,25,69,20.8,43.3,17.2,0.139,117,0.829,278,0.522,154,0.364,8,552,2.9,2.9,1.04,0.48,1.13,Tor,57.08612559,77,190,116.2,103.9
115,DeMar DeRozan,SG,28,80,33.9,70.6,29.6,0.096,559,0.825,1125,0.494,287,0.31,23,1840,3.9,5.2,1.06,0.28,2.2,Tor,55.48987913,79,220,114.3,105.6
116,DeMarcus Cousins,C,27,48,36.2,75.4,31.9,0.189,394,0.746,570,0.53,294,0.354,25.2,1209.6,12.9,5.4,1.65,1.58,5.04,Nor,58.30184314,83,270,104.5,95.9
117,DeMarre Carroll,SF,31,73,29.9,62.2,19.8,0.103,246,0.764,394,0.457,391,0.371,13.5,985.5,6.6,2,0.81,0.41,1.41,Bro,55.16434553,80,215,109.3,105.3
118,Demetrius Jackson,SF,23,54,15.3,31.8,15.2,0.149,,,124,0.355,110,0.336,4,216,2.4,0.9,0.37,0.28,0.8,Chi,44.00260756,73,201,55.5,97.6
119,Dennis Schroder,PG,24,67,31,64.6,30.4,0.127,265,0.849,884,0.48,262,0.29,19.4,1299.8,3.1,6.2,1.07,0.09,2.73,Atl,51.47315064,73,172,104.2,108
120,Dennis Smith Jr.,PG,20,69,29.7,61.9,28.9,0.149,193,0.694,685,0.435,339,0.313,15.2,1048.8,3.8,5.2,1.03,0.26,2.81,Dal,47.28925441,75,195,93.7,105.3
121,Denzel Valentine,SG,24,77,27.2,56.7,17.5,0.118,51,0.745,351,0.45,370,0.386,10.2,785.4,5.1,3.2,0.84,0.14,1.29,Chi,52.82201657,78,214,104.6,104.2
122,Derrick Favors,PF,26,77,28,58.3,18.5,0.099,215,0.651,639,0.596,63,0.222,12.3,947.1,7.2,1.3,0.7,1.06,1.14,Uta,59.44639719,82,265,119.2,99.1
123,Derrick Jones Jr.,PF,24,36,10.5,21.9,22.5,0.076,,,128,0.422,43,0.326,4.8,172.8,2.6,0.4,0.22,0.17,0.42,Cha,47.47252747,79,200,140.6,111.8
124,Derrick Rose,PG,29,25,16.752,34.9,25.384,0.14044,46,0.869869565,156,0.473923077,30,0.2334,8.36,209,1.404,1.456,0.28,0.16,1.4008,Min,50.66912335,75,190,97.6,112.9
125,Derrick Walton Jr.,C,22,28,12.60714286,26.26488095,21.06428571,0.121428571,,,134,0.567134328,,,6.3,176.4,3.014285714,0.407142857,0.111428571,0.647142857,0.747857143,Bro,58.50358185,73,185,123.2,105.6
126,Derrick White,PG,24,33,22.4,46.7,17.5,0.108,,,148,0.514,104,0.442,9.5,313.5,2.5,2.7,0.36,0.03,0.97,Gol,59.60076046,76,190,123,101.8
127,Derrick Williams,SG,22,53,13.5,28,13.7,0.102,,,149,0.409,43,0.256,3.3,174.9,2.3,0.7,0.3,0.04,0.43,Cha,43.07881773,80,240,55.2,114.2
128,Devin Booker,SG,21,54,34.5,72,31.7,0.139,328,0.878,670,0.46,384,0.383,24.9,1344.6,4.5,4.7,0.87,0.26,3.59,Pho,56.10354496,78,210,105.5,107.7
129,Devin Harris,PG,34,71,18.83239437,39.23415493,20.30704225,0.125338028,170,0.835117647,227,0.475484581,227,0.347955947,8.385915493,595.4,1.785915493,2.128169014,0.677746479,0.168591549,1.068169014,Den,56.29727685,75,185,107.2,99
130,Devin Robinson,PG,20,32,20.1,41.9,17,0.18,,,150,0.46,39,0.282,6.1,195.2,1.6,2.1,0.56,0.16,1.38,Mem,48.8,80,200,103.4,90.4
131,Dewayne Dedmon,C,28,62,24.9,51.8,17,0.143,86,0.779,336,0.595,141,0.355,10,620,7.9,1.5,0.65,0.82,1.39,Atl,60.21288167,84,245,111.8,99.6
132,Deyonta Davis,C,21,62,15.2,31.7,15.3,0.097,57,0.667,265,0.608,,,5.8,359.6,4,0.6,0.24,0.63,0.5,Mem,61.98290127,83,237,122.4,99.7
133,Dillon Brooks,SF,22,82,28.7,59.7,18.5,0.128,166,0.747,508,0.484,264,0.356,11,902,3.1,1.6,0.89,0.21,1.51,Mem,53.37025466,78,220,100.5,105.8
134,Dion Waiters,SG,26,30,30.6,63.7,25,0.137,69,0.739,240,0.463,170,0.306,14.3,429,2.6,3.8,0.77,0.3,2.33,Mia,48.71014624,76,215,94.7,105.5
135,Dirk Nowitzki,PF,39,77,24.7,51.4,20.5,0.06,108,0.898,421,0.494,337,0.409,12,924,5.7,1.6,0.56,0.58,0.66,Dal,57.35425564,84,245,112.5,102.8
136,Domantas Sabonis,PF,21,74,24.5,51,22.1,0.153,224,0.75,624,0.524,37,0.351,11.6,858.4,7.7,2,0.54,0.43,1.85,Ind,56.50639844,82,252,110.4,96.6
137,Donovan Mitchell,SG,21,79,33.4,69.6,29.1,0.126,297,0.805,812,0.502,550,0.34,20.5,1619.5,3.7,3.7,1.49,0.34,2.73,Uta,54.24806389,75,215,103.3,99.3
138,Dorian Finney-Smith,PG,23,54,12.7,26.4,17.1,0.138,,,168,0.476,56,0.25,4.1,221.4,1.8,1.9,0.56,0.19,0.7,Lal,46.75620882,80,220,96.2,103.3
139,Doug McDermott,SF,26,81,21.81358025,45.44495885,15.00987654,0.092814815,81,0.790259259,292,0.49639726,216,0.426134259,7.777777778,630,2.432098765,0.964197531,0.234567901,0.197530864,0.69382716,Dal,57.94275624,80,219,111.3,111
140,Dragan Bender,PF,20,82,25.2,52.6,12.7,0.181,51,0.765,162,0.426,322,0.366,6.5,533,4.4,1.6,0.27,0.65,1.37,Pho,52.62222573,85,225,95.6,108.5
141,Draymond Green,PF,27,70,32.7,68.1,17.2,0.225,173,0.775,363,0.562,256,0.301,11,770,7.6,7.3,1.34,1.3,2.89,Gol,55.38612038,79,230,110,101.4
142,Dwayne Bacon,PG,33,32,5.9,12.3,19.8,0.13,,,,,31,0.355,2.3,73.6,0.5,0.6,0.19,0,0.34,Min,49.83748646,79,221,87.9,104
143,Dwight Buycks,PG,28,29,14.7,30.7,26.4,0.153,41,0.878,153,0.438,45,0.333,7.4,214.6,1.4,2,0.66,0.07,1.34,Det,49.66672838,75,190,97.3,101.6
144,Dwight Howard,C,32,81,30.4,63.4,24.2,0.151,582,0.574,904,0.559,,,16.6,1344.6,12.5,1.3,0.59,1.62,2.57,Cha,57.60530555,83,265,108.2,97.2
145,Dwight Powell,C,26,79,21.2,44.1,15.5,0.103,185,0.719,346,0.656,84,0.333,8.5,671.5,5.6,1.2,0.85,0.41,0.75,Dal,65.65310911,83,240,129.8,98.5
146,Dwyane Wade,SG,36,67,22.91791045,47.74564677,26.27462687,0.15480597,189,0.713804233,571,0.467455342,111,0.288738739,11.45074627,767.2000001,3.743283582,3.374626866,0.906865672,0.703134328,2.090895522,Mia,50.13330546,76,220,102.5,105.7
147,Ed Davis,PF,28,78,18.9,39.3,12.2,0.162,111,0.667,291,0.584,,,5.3,413.4,7.4,0.5,0.41,0.67,0.85,Por,60.64429058,82,245,121.3,93
148,Edmond Sumner,SG,23,9,25.9,54,15.5,0.038,,,,,43,0.209,6.7,60.3,2.7,1.2,1,0.22,0.33,Dal,39.42207113,77,188,,
149,Ekpe Udoh,PF,30,63,12.9,26.8,9.1,0.121,56,0.75,119,0.504,,,2.6,163.8,2.4,0.8,0.68,1.17,0.32,Uta,56.62334071,82,245,126.5,92.9
150,Elfrid Payton,PG,23,63,28.72063492,59.83465608,21.89047619,0.184507937,168,0.649035714,575,0.52004,92,0.32598913,12.63809524,796.2000001,4.392063492,6.26984127,1.314285714,0.347936508,2.665396825,Pho,53.73049723,76,185,109.3,105.7
151,Emeka Okafor,F,31,1,34.5,71.9,13.9,0.092,,,,,,,8,8,3,1,0,0,1,Hou,40.48582996,82,255,116.8,101.9
152,Emmanuel Mudiay,PG,21,64,19.446875,40.51432292,24.421875,0.16284375,129,0.759767442,378,0.415671958,148,0.317986486,8.603125,550.6,2.3375,3.24375,0.6409375,0.175625,1.7615625,Nyk,47.24071659,77,200,99.5,108.6
153,Enes Kanter,C,25,71,25.8,53.7,21.9,0.133,184,0.848,711,0.594,,,14.1,1001.1,11,1.5,0.51,0.52,1.72,Nyk,63.04473777,83,245,122.1,99.8
154,Eric Bledsoe,PG,28,74,31.34189189,65.29560811,26.11351351,0.16072973,318,0.792691824,629,0.545449921,360,0.347519444,17.71486486,1310.9,3.835135135,5.014864865,2.011216216,0.564459459,2.917432432,Mil,58.05991566,73,205,93.8,110
155,Eric Gordon,SG,29,69,31.2,65,24.7,0.109,241,0.809,361,0.546,608,0.359,18,1242,2.4,2.2,0.65,0.38,1.9,Hou,57.76529245,76,215,109.6,105.9
156,Eric Moreland,PF,26,5,8.5,17.8,15.1,0.137,,,,,,,4.2,21,1.8,0,0.4,0,0.4,Orl,83.06962025,82,238,111.6,91.1
157,Erik McCree,PF,25,5,14.1,29.3,17.5,0.242,,,,,,,4,20,4.4,1.6,1,0.2,1.4,Pho,45.53734062,80,225,,
158,Ersan Ilyasova,PF,30,69,25.1,52.29166667,18.7,0.096333333,135,0.777666667,360,0.516233333,253,0.359656126,10.86666667,749.8000002,5.9,1.3,0.886666667,0.39,1.04,Phi,55.75550269,82,235,113.1,104.9
159,E'Twaun Moore,SG,28,82,31.5,65.7,16.1,0.106,68,0.706,531,0.556,301,0.425,12.5,1025,2.9,2.3,0.94,0.13,1.24,Nor,59.46027474,76,191,111.6,107
160,Evan Fournier,SG,25,57,32.2,67.1,23.3,0.098,173,0.867,467,0.516,335,0.379,17.8,1014.6,3.2,2.9,0.82,0.28,1.67,Orl,57.77114745,79,205,110.2,107.9
161,Evan Turner,SG,29,79,25.7,53.6,15.6,0.137,107,0.85,445,0.485,132,0.318,8.2,647.8,3.1,2.2,0.59,0.37,1.25,Por,51.90039738,79,220,102.9,102.7
162,Frank Kaminsky,C,24,79,23.2,48.4,20.5,0.076,194,0.799,442,0.459,274,0.38,11.1,876.9,3.6,1.6,0.46,0.25,0.84,Cha,54.7132375,84,242,110.6,106.3
163,Frank Mason,PG,23,52,18.9,39.4,22.6,0.131,115,0.817,294,0.384,86,0.36,7.9,410.8,2.5,2.8,0.65,0.19,1.25,Sac,47.70088249,71,190,100.2,108.1
164,Frank Ntilikina,PG,19,78,21.9,45.6,16.9,0.198,68,0.721,343,0.385,157,0.318,5.9,460.2,2.3,3.2,0.85,0.23,1.68,Nyk,43.42164855,77,190,89.2,104.2
165,Fred VanVleet,PG,23,76,20,41.7,19.1,0.112,101,0.832,284,0.437,261,0.414,8.6,653.6,2.4,3.2,0.89,0.25,0.97,Tor,55.44245385,72,195,115.5,101.2
166,Furkan Korkmaz,PF,22,20,11.2,23.4,15.6,0.049,,,,,58,0.31,4.1,82,1.9,0.6,0.1,0.1,0.2,Pho,52.29591837,79,190,86,94.5
167,Garrett Temple,SG,31,65,24.8,51.8,16.4,0.134,78,0.769,249,0.442,227,0.392,8.4,546,2.3,1.9,0.88,0.42,1.22,Sac,53.49584574,78,195,102.1,107.4
168,Gary Harris,SG,23,67,34.4,71.7,20.7,0.108,162,0.827,514,0.553,394,0.396,17.5,1172.5,2.6,2.9,1.82,0.22,1.78,Den,59.86541132,76,210,114.5,109.3
169,Gary Payton II,SF,24,25,4.2,8.7,12,0.071,,,,,,,1,25,0.7,0.1,0.12,0.04,0.08,Ind,48.07692308,75,190,97.2,97.3
170,George Hill,PG,31,67,27.06567164,56.38681592,16.36268657,0.132835821,140,0.785907143,308,0.490357143,205,0.414687805,9.97761194,668.5,2.664179104,2.8,0.927910448,0.387462687,1.31761194,Cle,58.17090149,75,188,113.7,109.6
171,Georges Niang,F,25,14,3.8,7.9,15.9,0.155,,,,,,,1.5,21,0.5,0.1,0.07,0.07,0.21,Tor,64.33823529,78,231,,
172,Georgios Papagiannis,G,32,2,32.1,66.8,14.1,0.141,,,,,,,12,24,3,3.5,1.5,1.5,1.5,Lal,65.50218341,85,240,88.6,102.8
173,Gerald Green,SG,32,41,22.7,47.2,22.3,0.066,60,0.85,115,0.504,298,0.369,12.1,496.1,3.2,0.6,0.59,0.37,0.76,Hou,56.45197997,79,205,109.1,99.9
174,Gian Clavell,C,33,23,9.4,19.6,8.8,0.423,,,,,,,1.6,36.8,3.4,0.7,0.17,0.57,0.83,Lal,71.09737249,76,185,102.6,99.9
175,Giannis Antetokounmpo,PF,23,75,36.8,76.6,31.2,0.117,641,0.76,1262,0.554,140,0.307,26.9,2017.5,10,4.8,1.45,1.41,2.97,Mil,59.90059619,83,222,116.6,102.3
176,Glenn Robinson III,SF,24,15,13.9,29,17.3,0.097,,,,,49,0.367,4.6,69,2.3,0.4,0.2,0.07,0.53,Atl,46.14767255,79,215,114.3,109
177,Goran Dragic,PG,31,75,31.7,66,25.7,0.122,271,0.801,775,0.481,300,0.37,17.3,1297.5,4.1,4.8,0.84,0.16,2.21,Mia,54.32325161,75,190,108.3,103.5
178,Gordon Hayward,SF,25,1,3.7,7.7,12,0,,,,,,,3,3,0,1,0,0,0,Min,150,80,226,99.3,87.3
179,Gorgui Dieng,PF,28,79,16.9,35.1,16.3,0.12,102,0.775,327,0.511,61,0.311,5.9,466.1,4.6,0.9,0.57,0.49,0.75,Min,53.83709111,83,251,111.8,100.5
180,Greg Monroe,C,27,51,20.43333333,42.56944444,22.70588235,0.177588235,119,0.739470588,386,0.564702073,,,10.29803922,525.2000002,6.839215686,2.250980392,0.864313725,0.469411765,1.860392157,Bos,59.90510086,83,265,94.1,103.7
181,Guerschon Yabusele,SG,23,17,7.188235294,14.9754902,10.84705882,0.177705882,,,,,,,1.388235294,23.6,0.847058824,0.152941176,0.410588235,0.295882353,0.408823529,Atl,49.91539763,80,260,111.6,97.5
182,Harrison Barnes,SF,25,77,34.2,71.3,25.2,0.081,313,0.827,874,0.478,333,0.357,18.9,1455.3,6.1,2,0.64,0.18,1.53,Dal,54.11163662,80,225,105.7,109.6
183,Hassan Whiteside,C,28,54,25.3,52.6,24.7,0.123,182,0.703,576,0.538,,,14,756,11.4,1,0.69,1.74,1.7,Mia,57.43982495,84,265,111.8,94.7
184,Henry Ellenson,PF,22,2,4.7,9.7,0,,,,,,,,0,0,0.5,0.5,0,0,0,Ind,#DIV/0!,83,245,95.4,102.2
185,Ian Clark,SG,26,74,19.7,40.9,17.2,0.099,59,0.763,300,0.533,195,0.318,7.4,547.6,1.7,1.5,0.45,0.14,0.77,Nor,52.55681818,75,175,101.8,105.9
186,Ian Mahinmi,C,31,77,14.9,31,15.6,0.247,128,0.703,246,0.561,,,4.8,369.6,4.1,0.7,0.49,0.55,1.3,Was,60.72555205,83,262,106.9,89.5
187,Ike Anigbogu,PG,33,20,5.7,12,26.1,0.133,,,,,40,0.275,2.5,50,0.4,0.6,0.2,0,0.45,Hou,42.45923913,82,262,,
188,Iman Shumpert,PG,28,14,14.7,30.5,20.8,0.191,,,,,33,0.273,5.2,72.8,2.2,3.1,0.43,0.29,1.29,Mil,47.64397906,77,220,89.7,106.3
189,Isaiah Canaan,SG,26,20,21.1,43.95833333,18.6,0.14725,51,0.902,71,0.422957746,66,0.333,8.645,172.9,2.235,3.8,0.798,0.0475,1.4535,Pho,54.22102358,72,201,0,108.5
190,Isaiah Hicks,PG,25,18,13.18333333,27.46527778,11.63888889,0.234944444,,,,,,,2.777777778,50,1.955555556,1.222222222,1.000555556,0.277222222,0.834444444,Hou,52.74261604,81,242,95.1,95.2
191,Isaiah Taylor,PG,23,67,17.4,36.3,20.1,0.157,141,0.702,310,0.461,80,0.25,6.6,442.2,1.4,3.1,0.51,0.15,1.25,Atl,48.91160074,75,170,101.3,105.6
192,Isaiah Thomas,PG,28,32,26.940625,56.12630208,28.79375,0.165625,131,0.89348855,233,0.438184549,188,0.292755319,15.178125,485.7,2.1,4.765625,0.4671875,0.0928125,2.9690625,Lal,50.73750627,69,185,98,110.6
193,Isaiah Whitehead,F,23,18,5.5,11.45833333,21.45,0.141,,,,,,,2.4,43.2,1.7,0.1,0.5,0.33,0.275,Mem,48.86877828,76,213,90.5,100
194,Ish Smith,PG,29,82,24.9,51.9,20.8,0.112,116,0.698,700,0.506,101,0.347,10.9,893.8,2.7,4.4,0.78,0.24,1.32,Det,52.45058917,72,175,109.3,104.2
195,Ivan Rabb,PF,20,36,14.3,29.8,17.7,0.173,36,0.806,152,0.566,,,5.6,201.6,4.4,0.9,0.33,0.36,0.97,Mem,60.05719733,82,220,112.5,101.8
196,Ivica Zubac,C,20,43,9.5,19.9,17.6,0.153,51,0.765,121,0.504,,,3.7,159.1,2.8,0.6,0.19,0.35,0.6,Lal,55.07477153,85,240,111.1,98.9
197,J.J. Barea,PG,33,69,23.2,48.4,24.9,0.163,102,0.784,377,0.499,313,0.367,11.6,800.4,2.9,6.3,0.51,0.04,2.07,Dal,54.45787067,72,185,109.1,108.5
198,Jabari Bird,SF,22,12,8.9,18.54166667,15.6,0.093333333,,,,,,,2.166666667,26,1.833333333,0.333333333,0.25,0.333333333,0.333333333,Sac,38.64447087,78,198,107.7,102
199,Jabari Parker,SF,22,31,24,49.9,24.4,0.112,54,0.741,251,0.514,81,0.383,12.6,390.6,4.8,1.9,0.81,0.32,1.45,Mil,54.89655948,80,250,106.4,106.7
200,Jack Cooley,SG,23,13,2.9,6.1,18,0.063,,,,,,,0.5,6.5,0.2,0.1,0.08,0,0.08,Nor,21.84139785,82,274,126,98.3
201,Jacob Pullen,PF,21,1,21.6,45,16.3,0.375,,,,,,,4,4,4,1,0,0,3,Hou,40,73,200,,
202,Jacob Wiley,PF,25,1,1.3,2.7,33.8,0,,,,,,,0,0,1,0,0,0,0,Gol,0,80,223,119.4,97.7
203,Jae Crowder,SF,27,80,26.1425,54.46354167,17.1925,0.0916625,148,0.81772973,330,0.488066667,341,0.322651026,9.68,774.4,3.46875,1.235,0.797,0.26375,0.925,Uta,52.60011955,78,235,109.2,105.7
204,Jahlil Okafor,PF,22,19,4.7,9.8,24.7,0.04,,,,,,,2.4,45.6,1.3,0.2,0,0.26,0.11,Was,47.34219269,83,260,88.9,79.6
205,JaKarr Sampson,C,29,21,2.3,4.8,16.9,0.054,,,,,,,0.6,12.6,0.7,0.1,0.1,0.05,0.05,Min,35.71428571,81,207,117.7,98.9
206,Jake Layman,PF,21,22,3.2,6.7,13.3,0.192,,,,,,,1,22,0.5,0.1,0.14,0.05,0.18,Mil,65.16587678,81,210,81.5,102.5
207,Jakob Poeltl,C,22,82,18.6,38.7,14.8,0.166,101,0.594,382,0.66,,,6.9,565.8,4.8,0.7,0.48,1.22,1.04,Tor,66.03024928,84,230,122.6,95
208,Jalen Jones,C,22,31,5.2,10.8,13.5,0.059,,,,,,,1.8,55.8,1.1,0.3,0.19,0.26,0.1,Okc,58.36820084,79,220,110.5,102.8
209,Jamal Crawford,SG,37,80,20.7,43.1,23.7,0.107,113,0.903,428,0.477,314,0.331,10.3,824,1.2,2.3,0.5,0.11,1.19,Min,52.0385995,77,185,104.1,111.6
210,Jamal Murray,SG,20,81,31.7,66,22.8,0.127,253,0.905,626,0.502,436,0.378,16.7,1352.7,3.7,3.4,0.98,0.35,2.11,Den,57.64412096,76,207,112.5,108.3
211,Jameel Warney,C,22,15,5.9,12.3,14,0.142,,,,,,,1.7,25.5,0.9,0.1,0.07,0.2,0.27,Gol,52.68595041,80,260,119.5,105.4
212,Jameer Nelson,SG,38,19,8,16.7,13.4,0.109,,,,,,,1.7,32.3,0.8,0.5,0.11,0.05,0.26,Ind,39.62217861,72,190,103.6,106.1
213,Jamel Artis,SG,22,6,4.6,9.6,20.1,0.154,,,,,,,2,12,0.8,1.3,0.17,0,0.33,Okc,54.54545455,79,213,94.1,111.8
214,James Ennis III,SF,27,72,22.275,46.40625,13.8125,0.115,116,0.836224138,231,0.567012987,153,0.333098039,7.125,513,3.125,0.9875,0.65375,0.25125,0.77625,Det,58.96009562,79,210,118.7,108.2
215,James Harden,PG,28,72,35.4,73.8,36,0.151,727,0.858,727,0.531,722,0.367,30.4,2188.8,5.4,8.8,1.76,0.69,4.38,Hou,61.86965764,77,220,120.6,101.1
216,James Johnson,PF,30,73,26.6,55.5,19.1,0.172,162,0.698,429,0.587,185,0.308,10.8,788.4,4.9,3.8,0.96,0.71,1.95,Mia,57.52393182,80,240,109.6,98.8
217,James Michael McAdoo,PF,29,19,7.4,15.4,19.6,0.237,,,,,,,2.8,53.2,0.8,0.5,0.42,0.16,0.79,Den,55.04966887,81,230,94.1,106.4
218,James Webb III,SG,24,14,6.8,14.2,12.2,0.153,,,,,,,1.1,15.4,0.5,0.8,0.14,0,0.29,San,34.87318841,81,202,81,106.7
219,James Young,G,26,3,3.1,6.5,27.9,0.174,,,,,,,3.3,9.9,0,0,0,0,0.33,Uta,103.9915966,78,215,105.7,107.7
220,Jamil Wilson,SG,22,21,11.5,24,16,0.11,,,,,38,0.289,3,63,1.9,0.6,0.48,0.1,0.48,Pho,38.75492126,79,229,117.9,101.9
221,JaMychal Green,PF,27,55,28,58.4,17.8,0.124,111,0.721,361,0.499,127,0.339,10.3,566.5,8.4,1.4,0.58,0.45,1.38,Mem,52.76246181,81,227,107.7,102.8
222,Jared Dudley,PF,32,48,14.3,29.8,10.2,0.169,35,0.771,,,80,0.363,3.2,153.6,1.9,1.6,0.52,0.21,0.58,Pho,55.89519651,79,240,110.5,103.2
223,Jarell Eddie,PG,23,15,5.32,11.08333333,16.48,0.3676,,,,,,,1.1,16.5,0.78,0.58,0.33,0.064,0.73,Phi,43.6970339,79,218,,
224,Jarell Martin,PF,23,73,22.8,47.4,17.1,0.136,116,0.767,398,0.47,98,0.347,7.7,562.1,4.4,1,0.53,0.68,1.18,Mem,51.37649898,82,239,101,101.5
225,Jarrett Allen,C,19,72,20,41.7,16.3,0.151,147,0.776,382,0.599,,,8.2,590.4,5.4,0.7,0.39,1.22,1.14,Bro,63.94039161,83,234,119.1,102.9
226,Jarrett Jack,PG,34,62,25,52,16.7,0.195,75,0.84,357,0.459,86,0.291,7.5,465,3.1,5.6,0.56,0.06,1.85,Nyk,48.84453782,75,200,102.9,109.3
227,Jason Smith,SF,20,20,12.29,25.60416667,12.25,0.1058,,,,,,,3.04,60.8,1.89,0.43,0.198,0.649,0.352,Mia,47.82882316,84,240,93.4,97
228,Jason Terry,PG,22,16,9.2,19.2,9,0.067,,,,,,,1.8,28.8,1,1,0.44,0.19,0.13,Mia,52.0984081,74,185,102.8,108.7
229,JaVale McGee,C,30,65,9.5,19.7,19.2,0.1,52,0.731,213,0.638,,,4.8,312,2.6,0.5,0.32,0.88,0.42,Gol,64.49479081,84,270,124.9,95
230,Jawun Evans,PG,21,48,16.2,33.8,17.7,0.138,49,0.776,199,0.372,54,0.278,4.8,230.4,1.8,2.1,0.75,0.13,0.92,Lac,41.95804196,72,190,90.5,100.6
231,Jaylen Brown,SF,21,70,30.7,64,21.4,0.12,233,0.644,497,0.507,306,0.395,14.5,1015,5,1.6,1,0.37,1.77,Bos,56.04514533,79,225,105,98.6
232,Jaylen Morris,PG,23,17,8.2,17,15.4,0.126,,,,,,,3.2,54.4,1.5,0.5,0.24,0.18,0.35,San,65.07177033,77,185,85.1,112.6
233,Jayson Tatum,SF,19,80,30.5,63.6,19.4,0.108,258,0.826,593,0.492,242,0.434,13.9,1112,5,1.6,1.04,0.73,1.44,Bos,58.6176359,80,205,111.4,99.7
234,Jeff Green,SF,31,78,23.4,48.8,19.3,0.094,234,0.868,448,0.54,170,0.312,10.8,842.4,3.2,1.3,0.53,0.44,0.96,Cle,58.42210386,81,235,115.7,107.3
235,Jeff Teague,PG,29,70,33,68.8,20.6,0.164,239,0.845,566,0.477,228,0.368,14.2,994,3,7,1.46,0.33,2.53,Min,55.27381111,74,189,111.2,107
236,Jeff Withey,SF,26,2,4.3,8.9,20,0,,,,,,,1,2,0.5,0,0,0,0,Lal,25,84,230,80.5,103.9
237,Jerami Grant,SF,23,81,20.3,42.4,16,0.088,240,0.675,346,0.613,110,0.291,8.4,680.4,3.9,0.7,0.38,0.95,0.67,Okc,60.57692308,81,220,122.1,101.5
238,Jeremy Evans,SF,22,1,13.2,27.5,10,0,,,,,,,2,2,5,0,1,0,0,Was,33.33333333,81,200,97.3,99.7
239,Jeremy Lamb,SG,25,80,24.6,51.2,22.4,0.091,208,0.861,578,0.495,254,0.37,12.9,1032,4.1,2.3,0.76,0.4,1.16,Cha,55.87318087,77,185,111.9,103.5
240,Jeremy Lin,PG,22,1,2.2,4.6,20.3,0,,,,,,,2,2,1,0,0,0,0,Ind,100,75,200,110.7,107
241,Jerian Grant,PG,25,74,22.8,47.5,17.4,0.132,188,0.745,316,0.468,187,0.326,8.4,621.6,2.3,4.6,0.85,0.11,1.2,Chi,53.06289695,76,198,112.6,106.8
242,Jerryd Bayless,PG,29,39,23.7,49.4,15.1,0.141,44,0.795,116,0.474,146,0.37,7.9,308.1,2.1,1.4,0.59,0.15,1.18,Phi,54.75191925,75,200,102,101.5
243,Jimmy Butler,SF,28,59,36.7,76.4,24.9,0.089,425,0.854,721,0.509,200,0.35,22.2,1309.8,5.3,4.9,1.97,0.41,1.83,Min,59.10649819,80,236,122.1,109.7
244,JJ Redick,SG,33,70,30.2,63,21.7,0.096,218,0.904,419,0.504,460,0.42,17.1,1197,2.6,3,0.5,0.09,1.47,Phi,61.38965248,76,200,118.9,106.1
245,Joakim Noah,SF,24,4,1.9,3.9,18,0.333,,,,,,,0,0,0.3,0,0.25,0,0.25,Uta,0,83,230,99.9,97.6
246,Jodie Meeks,SG,30,77,14.5,30.3,19,0.077,117,0.863,183,0.464,210,0.343,6.3,485.1,1.6,0.9,0.38,0.05,0.48,Was,54.56938445,76,210,110.7,108.7
247,Joe Harris,SG,26,78,25.3,52.7,16.6,0.12,104,0.827,263,0.589,358,0.419,10.8,842.4,3.3,1.6,0.44,0.26,1.17,Bro,63.17115604,78,219,116.4,107.5
248,Joe Ingles,SF,30,82,31.4,65.5,15.9,0.174,83,0.795,254,0.516,464,0.44,11.5,943,4.2,4.8,1.1,0.24,1.94,Uta,62.49005991,80,226,115.8,100.4
249,Joe Johnson,SF,36,55,21.9,45.625,15.90363636,0.114327273,45,0.888533333,215,0.49307907,145,0.276103448,6.756363636,371.6,3.090909091,1.525454545,0.329818182,0.127272727,0.890545455,Hou,48.92048446,79,240,96.6,103.9
250,Joe Young,SG,20,14,5.7,11.9,17,0.063,,,,,,,1.6,22.4,0.8,0.3,0.14,0.07,0.14,Phi,37.6344086,74,185,102.3,106.2
251,Joel Bolomboy,PG,25,23,9.613043478,20.02717391,16.66521739,0.081913043,,,,,,,2.97826087,68.50000001,1.926086957,0.943478261,0.302608696,0.127826087,0.302608696,Lal,43.93278605,81,235,110.7,105.4
252,Joel Embiid,C,23,63,30.3,63.2,33.4,0.156,467,0.769,842,0.527,214,0.308,22.9,1442.7,10.9,3.2,0.63,1.78,3.71,Phi,57.18283286,84,250,106.2,94.1
253,Joffrey Lauvergne,C,26,55,9.7,20.2,20.4,0.135,47,0.638,185,0.53,,,4.1,225.5,3.1,0.7,0.16,0.05,0.6,San,53.51718246,83,260,109.1,98.3
254,John Collins,PF,20,74,24.1,50.2,17.9,0.143,186,0.715,498,0.598,47,0.34,10.5,777,7.3,1.3,0.64,1.08,1.42,Atl,61.97753813,82,235,117.7,99.2
255,John Henson,C,27,76,25.9,54,15,0.128,158,0.57,495,0.578,,,8.8,668.8,6.8,1.5,0.59,1.43,1.11,Mil,58.5106383,83,229,115.7,102.2
256,John Holland,PF,24,9,3.5,7.3,21.1,0.202,,,,,,,1,9,1,0.3,0.22,0,0.33,Uta,37.87878788,77,205,84.6,108.9
257,John Wall,PG,27,41,34.4,71.6,29.1,0.17,241,0.726,500,0.436,167,0.371,19.4,795.4,3.7,9.6,1.39,1.1,3.85,Was,51.44623823,76,210,104.8,107.1
258,Johnathan Motley,C,20,17,7.182352941,14.96323529,18.3,0.153411765,,,,,,,2.094117647,35.6,2.223529412,0.564705882,0.24,0.357647059,0.470588235,Por,42.38095238,82,230,106.5,100.7
259,Johnny O'Bryant III,SG,24,7,9.1,18.9,15,0.096,,,,,,,2.9,20.3,1,0.4,0.29,0,0.29,Dal,53.76059322,81,257,99,98.4
260,Jon Leuer,SF,27,1,5.3,11,16.9,0,,,,,,,2,2,1,0,0,0,0,Bos,50,82,228,100.2,97.9
261,Jonas Jerebko,PF,30,74,15.3,31.9,15.6,0.069,57,0.807,184,0.511,157,0.414,5.8,429.2,3.3,0.6,0.32,0.16,0.36,Uta,58.62106643,82,231,118.3,95.3
262,Jonas Valanciunas,C,25,77,22.4,46.7,22.7,0.127,211,0.806,614,0.586,74,0.405,12.7,977.9,8.6,1.1,0.38,0.9,1.48,Tor,62.61846217,84,255,120,95.1
263,Jonathan Gibson,PF,22,33,7.1,14.8,15.7,0.145,,,,,37,0.324,2.4,79.2,1.6,0.5,0.12,0.15,0.36,Bos,56.02716469,74,185,122,97.7
264,Jonathan Isaac,C,19,11,2.7,5.6,20.4,0.147,,,,,,,1.2,13.2,0.8,0,0.09,0.27,0.18,Ind,56.70103093,82,210,87.7,102
265,Jonathon Simmons,SG,28,69,29.4,61.3,22,0.144,241,0.768,557,0.512,204,0.338,13.9,959.1,3.5,2.5,0.84,0.23,2.12,Orl,55.30886695,78,195,103.3,106.4
266,Jordan Bell,PF,23,57,14.2,29.6,13.9,0.2,44,0.682,181,0.641,,,4.6,262.2,3.6,1.8,0.61,0.98,0.89,Gol,64.15149736,81,224,121.8,98.2
267,Jordan Clarkson,SG,25,81,23.31975309,48.58281893,26.45555556,0.107012346,190,0.799578947,636,0.499652516,318,0.352188679,13.84320988,1121.3,2.654320988,2.74691358,0.719259259,0.077283951,1.554938272,Cle,54.0333462,77,194,105.5,107.7
268,Jordan Crawford,SG,27,14,19.7,41.1,13.1,0.208,,,,,,,4.4,61.6,2.9,1.2,0.64,0.29,1.21,Cle,47.67801858,77,195,115.9,102.1
269,Jordan Mickey,SG,23,13,8.8,18.3,15.5,0.201,,,,,,,3,39,1.5,0.6,0.23,0.08,0.62,Bos,61.47540984,80,235,96.2,94.5
270,Jose Calderon,PG,36,57,16,33.4,11.6,0.171,30,0.8,88,0.545,97,0.464,4.5,256.5,1.5,2.1,0.47,0.04,0.72,Cle,64.7073663,75,200,122.4,106.8
271,Josh Gray,F,26,7,12.5,26,19.7,0.078,,,,,,,5.7,39.9,4.3,0.9,0.14,0,0.43,Sac,56.41968326,73,180,76.6,104
272,Josh Hart,SG,22,63,23.2,48.3,13.5,0.101,94,0.702,178,0.551,197,0.396,7.9,497.7,4.2,1.3,0.73,0.25,0.75,Lal,59.76798924,77,215,116.2,103.6
273,Josh Huestis,PG,28,3,2,4.2,21,0.333,,,,,,,0.7,2.1,0,0,0,0,0.33,Phi,52.5,79,230,90.3,103.5
274,Josh Jackson,SF,20,77,25.4,53,26,0.122,279,0.634,715,0.464,217,0.263,13.1,1008.7,4.6,1.5,1.04,0.45,1.9,Pho,47.81656491,80,200,93.5,104.1
275,Josh Magette,SF,23,5,6.7,13.9,6.3,0,,,,,,,0.8,4,2.2,0.4,0.2,0,0,Bro,40.98360656,73,160,116.2,107.5
276,Josh McRoberts,SF,23,34,4.7,9.8,14.6,0.094,,,,,,,1,34,0.5,0.3,0.18,0.12,0.15,Por,35.18211921,82,240,,
277,Josh Richardson,SG,24,81,33.2,69.2,18.1,0.129,142,0.845,549,0.495,336,0.378,12.9,1044.9,3.5,2.8,1.49,0.91,1.73,Mia,55.14100561,78,200,106.6,103.1
278,Josh Smith,SF,24,16,11.325,23.59375,19.225,0.0765,,,,,,,4.675,74.8,2.375,0.225,0.315,0.06,0.5025,Dal,49.62845011,81,225,,
279,JR Smith,SG,32,80,28.1,58.4,13.8,0.116,56,0.696,214,0.453,381,0.375,8.3,664,2.9,1.8,0.85,0.14,1.01,Cle,53.57949777,78,225,103.1,108.1
280,Jrue Holiday,PG,27,81,36.1,75.3,23.1,0.137,238,0.786,887,0.558,356,0.337,19,1539,4.5,6,1.52,0.79,2.64,Nor,57.09642953,76,205,110.1,105.5
281,Juancho Hernangomez,PF,24,3,8.9,18.6,25.8,0.066,,,,,,,5.7,17.1,3,0,0,0,0.33,Dal,60.21126761,81,230,108.7,105.2
282,Julius Randle,PF,23,82,26.7,55.7,25.3,0.163,425,0.718,859,0.575,45,0.222,16.1,1320.2,8,2.6,0.52,0.55,2.6,Lal,60.50412466,81,250,112,97.1
283,Julyan Stone,PF,25,3,6,12.5,21.1,0.113,,,,,,,2.7,8.1,0.7,0,0,0.33,0.33,Phi,51.39593909,78,200,123.1,98.4
284,Justin Anderson,SF,24,38,13.7,28.4,19.3,0.068,38,0.737,99,0.535,103,0.33,6.2,235.6,2.4,0.7,0.39,0.21,0.42,Phi,53.85881492,78,230,110.3,98.9
285,Justin Holiday,SG,28,72,31.5,65.5,18.2,0.098,164,0.823,333,0.387,449,0.359,12.2,878.4,4,2.1,1.11,0.43,1.29,Chi,51.4189379,78,185,100.8,108.3
286,Justin Jackson,SF,22,68,22.2,46.1,14.2,0.084,36,0.722,234,0.547,185,0.308,6.7,455.6,2.8,1.1,0.41,0.19,0.59,Sac,52.3870849,80,210,103.8,111.4
287,Justin Patton,SF,24,10,12,25,10.1,0.143,,,,,,,1.6,16,2.4,0.4,0.1,0,0.4,Bro,33.33333333,84,236,,
288,Justise Winslow,SF,21,68,24.7,51.5,16.3,0.126,104,0.635,359,0.44,129,0.38,7.8,530.4,5.4,2.2,0.79,0.49,1.13,Mia,49.6852518,79,225,101.6,100
289,Jusuf Nurkic,C,23,79,26.4,55.1,26.4,0.146,273,0.63,944,0.508,,,14.3,1129.7,9,1.8,0.81,1.39,2.32,Por,52.73452088,84,280,102.3,93.9
290,Kadeem Allen,SG,22,6,10.2,21.2,12.3,0.057,,,,,,,2.8,16.8,0.3,0.3,0,0,0.17,Phi,50.48076923,75,200,78.2,94.5
291,Karl-Anthony Towns,C,22,82,35.6,74.1,22.9,0.105,402,0.858,887,0.585,285,0.421,21.3,1746.6,12.4,2.4,0.78,1.41,1.94,Min,64.74260127,84,248,126.8,100.5
292,Kawhi Leonard,SF,26,9,23.3,48.6,30.6,0.111,38,0.816,76,0.539,35,0.314,16.2,145.8,4.7,2.3,2,1,1.78,San,57.07798309,79,230,109.7,99.2
293,Kay Felder,SF,27,15,18.3,38,14.3,0.088,,,,,63,0.429,7,105,2.1,0.7,0.33,0.53,0.53,Lac,63.43644273,69,176,76.8,107.1
294,Kelly Olynyk,C,26,76,23.4,48.8,21.7,0.171,174,0.77,356,0.59,280,0.379,11.5,874,5.7,2.7,0.82,0.46,1.93,Mia,61.32816886,84,245,112.3,94.8
295,Kelly Oubre Jr.,SF,22,81,27.5,57.4,19.4,0.092,233,0.82,421,0.456,369,0.341,11.8,955.8,4.5,1.2,0.99,0.43,1.11,Was,53.5450186,79,205,105.7,100.7
296,Kemba Walker,PG,27,80,34.2,71.2,27.4,0.104,420,0.864,762,0.469,601,0.384,22.1,1768,3.1,5.6,1.14,0.3,2.24,Cha,57.11332213,73,184,114.7,108.2
297,Kendrick Perkins,SG,26,3,2.866666667,5.972222222,10.16666667,0,,,,,,,0,0,0.333333333,0,0.333333333,0,0,Chi,0,82,270,97.2,106.7
298,Kenneth Faried,PF,28,32,14.4,30,18.3,0.119,51,0.706,147,0.517,,,5.9,188.8,4.8,0.6,0.38,0.41,0.72,Den,55.38605961,80,228,115.8,101.2
299,Kent Bazemore,SF,28,65,27.5,57.3,22.5,0.17,201,0.796,402,0.438,274,0.394,12.9,838.5,3.8,3.5,1.54,0.69,2.42,Atl,54.84406886,77,201,101.1,104
300,Kentavious Caldwell-Pope,SG,24,74,33.2,69.2,16.9,0.1,194,0.789,383,0.473,414,0.384,13.4,991.6,5.2,2.2,1.45,0.22,1.32,Lal,56.19021714,77,205,111,104.8
301,Kevin Durant,SF,29,68,34.2,71.2,30.4,0.129,404,0.889,809,0.565,413,0.419,26.4,1795.2,6.8,5.4,0.74,1.75,3.04,Gol,64.12527862,81,240,118.6,105.5
302,Kevin Love,PF,29,59,28,58.3,25.1,0.096,265,0.879,399,0.494,330,0.415,17.6,1038.4,9.3,1.7,0.73,0.41,1.53,Cle,61.40018921,82,251,120,103.5
303,Kevon Looney,PF,21,66,13.8,28.7,12.4,0.121,77,0.545,187,0.594,,,4,264,3.3,0.6,0.5,0.83,0.47,Gol,58.43810873,81,220,121.7,99.4
304,Khem Birch,C,25,42,13.8,28.7,13.2,0.121,61,0.689,126,0.54,,,4.2,176.4,4.3,0.8,0.36,0.5,0.5,Orl,57.70740644,81,220,124.2,102.3
305,Khris Middleton,PF,26,82,36.4,75.8,24.6,0.118,362,0.884,865,0.517,407,0.359,20.1,1648.2,5.2,4,1.45,0.26,2.33,Mil,57.57783243,80,234,110.9,104.2
306,Klay Thompson,SG,27,73,34.3,71.5,23.7,0.095,98,0.837,658,0.526,520,0.44,20,1460,3.8,2.5,0.75,0.48,1.75,Gol,59.78118449,79,215,109.8,109.4
307,Kobi Simmons,SG,40,51,16,33.2,10.1,0.137,,,,,115,0.348,3.3,168.3,0.9,1.2,0.82,0.24,0.49,Mil,53.2729805,76,170,94.4,107.5
308,Kosta Koufos,C,28,71,19.6,40.8,15.2,0.104,74,0.446,389,0.571,,,6.7,475.7,6.6,1.2,0.66,0.45,0.69,Sac,56.42138723,84,265,117.7,100.5
309,Kris Dunn,PG,23,52,29.3,61.1,24.7,0.173,115,0.73,532,0.457,134,0.321,13.4,696.8,4.3,6,2,0.52,2.88,Chi,48.61847614,76,210,95.9,99.4
310,Kristaps Porzingis,PF,22,48,32.4,67.4,31,0.084,275,0.793,661,0.454,228,0.395,22.7,1089.6,6.6,1.2,0.75,2.4,1.94,Nyk,53.94059406,87,240,105.2,104.3
311,Kyle Anderson,SG,24,74,26.7,55.7,13.5,0.158,146,0.712,381,0.556,57,0.333,7.9,584.6,5.4,2.7,1.55,0.82,1.27,San,58.19926728,81,230,114.4,99.8
312,Kyle Collinsworth,PG,26,32,15,31.2,13.3,0.171,40,0.525,82,0.415,,,3.2,102.4,3.3,1.8,0.53,0.28,0.75,Dal,43.91080617,78,210,99.2,101.8
313,Kyle Korver,SG,36,73,21.6,44.9,16,0.096,72,0.889,108,0.537,376,0.436,9.2,671.6,2.3,1.2,0.42,0.37,0.75,Cle,65.11790258,79,212,120.2,107.4
314,Kyle Kuzma,PF,22,77,31.2,65,22.5,0.11,208,0.707,605,0.511,434,0.366,16.1,1239.7,6.3,1.8,0.64,0.44,1.82,Lal,54.82875137,81,220,105,104.6
315,Kyle Lowry,PG,31,78,32.2,67,21.7,0.147,261,0.854,348,0.474,596,0.399,16.2,1263.6,5.6,6.9,1.09,0.24,2.35,Tor,59.66907181,72,205,120.4,101.6
316,Kyle O'Quinn,PF,27,77,18,37.5,17,0.186,127,0.772,366,0.601,,,7.1,546.7,6.1,2.1,0.45,1.27,1.3,Nyk,62.28353992,82,250,117.9,95.9
317,Kyle Singler,G,22,6,16.4,34.2,16.4,0.162,,,,,,,4.7,28.2,2.7,1.2,0.33,0.17,1,Atl,45.48387097,80,228,88.1,104.3
318,Kyrie Irving,PG,25,60,32.2,67.1,31,0.104,261,0.889,680,0.541,407,0.408,24.4,1464,3.8,5.1,1.08,0.28,2.33,Bos,60.90660986,75,193,118.2,101.7
319,LaMarcus Aldridge,PF,32,75,33.4,69.7,29.1,0.068,399,0.837,1255,0.526,92,0.293,23.1,1732.5,8.5,2,0.57,1.2,1.48,San,56.89430958,83,260,117.6,101.7
320,Lance Stephenson,SG,27,82,22.6,47,21.6,0.147,127,0.661,477,0.495,232,0.289,9.2,754.4,5.2,2.9,0.59,0.2,1.61,Ind,49.31492522,78,230,99,100.2
321,Lance Thomas,PF,29,73,18.5,38.6,10.7,0.121,53,0.83,143,0.364,124,0.403,4.1,299.3,2.4,0.6,0.41,0.19,0.55,Nyk,51.5465693,80,235,103.1,105.6
322,Langston Galloway,PG,26,58,14.9,31,19.3,0.048,41,0.805,122,0.418,218,0.344,6.2,359.6,1.6,1,0.6,0.09,0.31,Det,50.21785275,74,200,105.9,106.4
323,Larry Drew II,C,27,9,4.4,9.1,21.8,0.106,,,,,,,1.7,15.3,1.1,0,0,0.33,0.22,Dal,45.31990521,74,180,51,100.8
324,Larry Nance Jr.,PF,25,66,21.5,44.79166667,15.91818182,0.097181818,137,0.664116788,401,0.593112219,,,8.709090909,574.8,6.872727273,1.254545455,1.330909091,0.578181818,0.776363636,Cle,60.72515213,81,230,123.7,95.3
325,Lauri Markkanen,PF,20,68,29.7,61.9,21.9,0.082,166,0.843,461,0.497,401,0.362,15.2,1033.6,7.5,1.2,0.57,0.59,1.22,Chi,55.27036277,84,230,107,108
326,LeBron James,SF,33,82,36.9,76.9,31.6,0.161,531,0.731,1174,0.603,406,0.367,27.5,2255,8.7,9.1,1.41,0.87,4.23,Cle,62.16779515,80,250,118.5,107.5
327,London Perrantes,SF,30,1,5.4,11.3,16.2,0.5,,,,,,,2,2,1,0,0,0,1,Atl,100,74,190,68.1,107.2
328,Lonzo Ball,PG,20,52,34.2,71.3,17.4,0.186,71,0.451,269,0.42,295,0.305,10.2,530.4,6.9,7.2,1.67,0.83,2.62,Lal,44.55345743,78,190,97.4,103
329,Lorenzo Brown,PG,29,1,25.2,52.5,31.1,0.166,,,,,,,18,18,0,4,0,0,3,Bro,59.68169761,77,189,102.5,105.7
330,Lou Williams,SG,31,79,32.8,68.3,29.8,0.131,491,0.88,819,0.484,518,0.359,22.6,1785.4,2.5,5.3,1.08,0.24,2.96,Lac,57.48081183,73,175,112.1,111.3
331,Luc Mbah a Moute,PF,31,61,25.6,53.4,12.8,0.15,95,0.684,172,0.599,173,0.364,7.5,457.5,3,0.9,1.18,0.41,1.11,Hou,59.13908997,80,230,106.9,102.3
332,Lucas Nogueira,C,32,7,5.7,11.9,17.2,0.254,,,,,,,1.7,11.9,2,0.6,0.29,0.29,0.57,Nyk,50.5952381,84,220,123.5,95
333,Luis Montero,PF,24,6,6.3,13.1,12.7,0.188,,,,,,,1.5,9,1.7,0,0.33,0,0.33,Mil,52.08333333,79,200,0,109.8
334,Luke Babbitt,SG,29,24,7.3,15.1,18.4,0.11,,,,,36,0.306,2.3,55.2,1,0.2,0.29,0.08,0.33,Cle,42.64524104,81,225,119.1,106.4
335,Luke Kennard,SG,21,73,20,41.7,17.2,0.122,76,0.855,270,0.463,195,0.415,7.6,554.8,2.4,1.7,0.6,0.18,0.95,Det,55.65363935,77,200,108,105.1
336,Luke Kornet,PF,28,8,17.1,35.5,16.1,0.141,,,,,,,5.4,43.2,4,0.6,0.13,0.38,0.88,Det,50.70422535,85,250,106.3,105.4
337,Luol Deng,PG,30,4,10,20.8,29.1,0.115,,,,,,,8.5,34,0.8,1,0,0,0.75,Bos,73.91304348,81,220,77.1,112.8
338,Malachi Richardson,SG,29,5,10.7,22.2,26.3,0.154,,,,,,,6.6,33,0.8,2.6,0.2,0.2,1,Nor,60.13119534,78,205,91.5,107.4
339,Malcolm Brogdon,SG,25,48,29.9,62.3,19.1,0.109,85,0.882,342,0.532,161,0.385,13,624,3.3,3.2,0.85,0.27,1.38,Mil,57.7350111,77,215,112.6,106.2
340,Malcolm Delaney,PG,28,54,18.8,39.1,16.9,0.169,92,0.804,161,0.391,124,0.371,6.3,340.2,1.9,3,0.65,0.11,1.22,Atl,52.26127565,75,190,104.2,106.5
341,Malcolm Miller,F,24,5,17.3,36,25.9,0.132,,,,,,,6.4,32,2,2.4,1.6,0.4,1.4,Pho,34.90401396,79,210,114.9,104.4
342,Malik Beasley,SG,21,62,9.4,19.6,16.2,0.111,33,0.667,96,0.469,82,0.341,3.2,198.4,1.1,0.5,0.24,0.11,0.39,Den,51.52711407,77,196,101.1,108.9
343,Malik Monk,SG,19,63,13.6,28.2,24.9,0.098,38,0.842,182,0.385,243,0.342,6.7,422.1,1,1.4,0.32,0.14,0.76,Cha,47.7791361,75,200,95.9,105.6
344,Mangok Mathiang,PG,28,18,12,25,11.8,0.154,,,,,,,2.6,46.8,1.1,3.2,0.44,0.06,0.5,Atl,47.25363489,82,230,122.1,78.8
345,Manu Ginobili,SG,40,65,20,41.6,21.5,0.168,131,0.84,271,0.506,192,0.333,8.9,578.5,2.2,2.5,0.66,0.25,1.62,San,55.55662262,78,205,103.6,98.8
346,Marc Gasol,C,33,73,33,68.7,25.7,0.142,337,0.834,713,0.456,320,0.341,17.2,1255.6,8.1,4.2,0.74,1.4,2.67,Mem,53.14574021,85,255,104.2,105
347,Marcin Gortat,C,33,82,25.3,52.7,15.5,0.135,163,0.675,560,0.518,,,8.4,688.8,7.6,1.8,0.49,0.74,1.21,Was,54.51782435,83,240,112.1,101.8
348,Marco Belinelli,SG,31,80,24.35,50.72916667,20.71,0.10075,163,0.908116564,369,0.509642276,395,0.376870886,12.17,973.6,1.9,1.86,0.81,0.151,1.1765,Phi,58.24917436,77,210,109,112.1
349,Marcus Georges-Hunt,PF,30,2,2.9,6,7.8,0,,,,,,,0,0,0,0,0,0,0,Dal,0,77,226,110.3,101.7
350,Marcus Morris,SF,28,54,26.7,55.6,23,0.087,154,0.805,377,0.467,234,0.368,13.6,734.4,5.4,1.3,0.65,0.22,1.2,Bos,54.09865048,81,235,106,99.6
351,Marcus Paige,PF,32,3,3.9,8.2,14.7,0,,,,,,,0.7,2.1,1.3,0,0,0,0,Nor,26.25,72,164,95.9,112.6
352,Marcus Smart,PG,23,54,29.9,62.3,19.4,0.184,133,0.729,266,0.429,249,0.301,10.2,550.8,3.5,4.8,1.31,0.43,2.39,Bos,48.01924955,76,220,97.3,99.2
353,Mario Chalmers,PG,31,66,21.5,44.9,19.6,0.188,138,0.855,252,0.456,191,0.277,7.7,508.2,2.4,3,1.2,0.21,1.77,Mem,50.4446915,74,190,96.6,100.6
354,Mario Hezonja,SF,22,75,22.1,46,19.9,0.115,105,0.819,350,0.523,267,0.337,9.6,720,3.7,1.4,1.08,0.4,1.15,Orl,54.28226779,80,218,102.8,104.1
355,Markel Brown,PF,22,25,11.1,23.1,14,0.101,,,,,50,0.28,3.3,82.5,2.2,0.5,0.24,0.12,0.36,Den,51.38266069,75,190,74.7,91.5
356,Markelle Fultz,PG,29,23,7.6,15.8,5.2,0.335,,,,,,,0.8,18.4,1.3,1.1,0.17,0.09,0.3,Cha,66.28242075,76,200,96,99.9
357,Markieff Morris,PF,28,73,27,56.2,19.5,0.146,128,0.82,480,0.529,207,0.367,11.5,839.5,5.6,1.9,0.78,0.51,1.74,Was,56.46962277,82,245,105.2,99.6
358,Marquese Chriss,PF,20,72,21.2,44.2,18.2,0.164,158,0.608,287,0.509,190,0.295,7.7,554.4,5.5,1.2,0.71,0.97,1.49,Pho,50.72092513,82,240,95.4,99.8
359,Marquis Teague,C,20,1,3.7,7.7,23.9,0,,,,,,,2,2,0,0,1,0,0,Min,50,74,189,83.3,108.7
360,Marreese Speights,C,30,52,13,27,26.9,0.097,55,0.727,116,0.448,233,0.369,7.7,400.4,2.6,0.8,0.15,0.42,0.77,Orl,53.64415863,82,255,101.2,97.1
361,Marshall Plumlee,SG,25,18,6,12.4,14.6,0.257,,,,,,,1.1,19.8,0.6,0.7,0.17,0.11,0.5,Bos,38.13559322,84,250,129.3,91.6
362,MarShon Brooks,C,33,1,14.5,30.2,11.8,0.258,,,,,,,3,3,1,2,1,0,1,Cle,52.08333333,77,200,117.5,112.8
363,Marvin Williams,PF,31,78,25.7,53.6,14.8,0.097,123,0.829,258,0.512,305,0.413,9.5,741,4.7,1.2,0.72,0.49,0.85,Cha,60.03694581,81,237,118,104.8
364,Mason Plumlee,C,27,74,19.5,40.5,16.7,0.189,180,0.456,367,0.602,,,7.1,525.4,5.4,1.9,0.66,1.09,1.41,Den,58.74329159,83,255,111.4,98.8
365,Matt Costello,SF,29,12,4.9,10.2,21.7,0.101,,,,,,,1.9,22.8,0.8,0.2,0.08,0,0.25,Okc,42.66467066,82,240,101.4,79.4
366,Matt Williams Jr.,PG,27,10,7,14.58333333,17.38,0.111,,,,,,,1.68,16.8,0.3,0.98,0,0,0.302,Nor,35,77,210,,
367,Matthew Dellavedova,PG,23,14,4.7,9.8,10.9,0.062,,,,,,,0.5,7,0.3,0.4,0.14,0.07,0.07,Cle,23.02631579,76,198,104.7,106.8
368,Maurice Harkless,SF,24,59,21.4,44.6,12.6,0.11,59,0.712,179,0.547,118,0.415,6.5,383.5,2.7,0.9,0.81,0.73,0.68,Por,59.37267773,81,220,116.7,101.9
369,Maxi Kleber,F,26,72,16.8,34.9,13.8,0.082,59,0.746,181,0.613,128,0.313,5.4,388.8,3.3,0.7,0.36,0.65,0.42,Dal,58.03678051,83,220,117.3,102.9
370,Meyers Leonard,G,27,14,9.9,20.6,12,0.079,,,,,,,2.3,32.2,1.1,0.9,0.36,0,0.21,Tor,46.15825688,85,255,129.3,92.2
371,Michael Beasley,SF,29,74,22.3,46.5,26.9,0.14,159,0.78,720,0.521,86,0.395,13.2,976.8,5.6,1.7,0.49,0.58,1.93,Nyk,55.75597059,81,235,103.6,104
372,Michael Carter-Williams,PG,26,52,16.1,33.4,16.6,0.162,89,0.82,170,0.365,59,0.237,4.6,239.2,2.7,2.2,0.85,0.44,1,Cha,44.60023866,78,190,97.7,97.5
373,Michael Kidd-Gilchrist,SF,24,74,25,52.1,16.2,0.078,171,0.684,558,0.505,,,9.2,680.8,4.1,1,0.69,0.43,0.73,Cha,53.58604622,79,232,109.5,103.4
374,Mike Conley,PG,30,12,31.1,64.8,25.9,0.084,66,0.803,91,0.44,77,0.312,17.1,205.2,2.3,4.1,1,0.25,1.5,Mem,52.07064555,73,175,108.1,110.4
375,Mike James,PG,27,36,19.07777778,39.74537037,25.08888889,0.118666667,84,0.762,223,0.435112108,98,0.265265306,9.355555556,336.8,2.522222222,3.544444444,0.774444444,0.195555556,1.361111111,Nor,47.0443625,73,195,99.7,109.3
376,Mike Muscala,C,26,53,20,41.7,15.7,0.11,62,0.919,145,0.559,167,0.371,7.6,402.8,4.3,1,0.58,0.51,0.79,Atl,59.36099976,83,240,115.5,105.3
377,Mike Scott,PF,29,76,18.5,38.6,20,0.124,76,0.658,361,0.582,163,0.405,8.8,668.8,3.3,1.1,0.3,0.13,1.04,Was,59.98851894,80,237,109.2,101.8
378,Miles Plumlee,C,29,55,16.7,34.8,12.8,0.234,60,0.45,180,0.583,,,4.3,236.5,4.1,0.8,0.31,0.55,1.15,Atl,57.29166667,83,249,102,104.7
379,Milos Teodosic,PG,30,45,25.2,52.5,18.2,0.203,46,0.848,128,0.492,232,0.379,9.5,427.5,2.8,4.6,0.51,0.11,2.16,Lac,56.21449611,77,196,106.8,105.7
380,Milton Doyle,SG,24,2,4,8.3,16.6,0.667,,,,,,,0,0,1,0,0,0,1,Det,0,76,180,80.8,102.3
381,Mindaugas Kuzminskas,PF,22,20,16.3,34,19,0.085,,,,,79,0.354,6.7,134,3.2,1.3,0.25,0.8,0.6,Nyk,51.60197166,81,215,,
382,Mirza Teletovic,SF,32,1,13.1,27.3,9.7,0.333,,,,,,,2,2,0,1,1,0,1,Lal,50,81,242,113.1,105.5
383,Monte Morris,SF,24,15,8.4,17.5,12.1,0.144,,,,,,,2.5,37.5,1.1,0.2,0.07,0.13,0.33,Tor,63.00403226,75,175,150.9,106.1
384,Montrezl Harrell,PF,24,76,17,35.4,23.8,0.095,222,0.626,541,0.641,,,11,836,4,1,0.47,0.68,0.89,Lac,64.73795069,80,240,124.1,101.3
385,Myke Henry,PF,25,4,5,10.3,16.3,0,,,,,,,2,8,2.5,0,0.25,0,0,Cha,53.76344086,78,210,91.3,105.9
386,Myles Turner,C,21,65,28.2,58.8,20,0.116,206,0.777,482,0.519,157,0.357,12.7,825.5,6.4,1.3,0.55,1.83,1.48,Ind,56.56899293,83,255,110.3,100.3
387,Nate Wolters,SG,23,42,5.3,11.1,12.1,0.049,,,,,,,1.4,58.8,0.4,0.2,0.14,0,0.07,Min,50.48076923,76,190,,
388,Naz Mitrou-Long,PG,24,5,5.6,11.7,23,0,,,,,,,2.4,12,0.8,0.6,0,0,0,Cha,40.32258065,76,218,,
389,Nemanja Bjelica,PF,29,67,20.5,42.6,14.3,0.117,45,0.8,188,0.505,183,0.415,6.8,455.6,4.1,1.3,0.75,0.24,0.78,Min,58.29068577,82,230,114.2,102
390,Nene,C,35,52,14.6,30.4,18.9,0.117,107,0.636,237,0.574,,,6.5,338,3.4,0.9,0.54,0.27,0.73,Hou,59.07438479,83,250,117.9,91.2
391,Nerlens Noel,SG,26,4,7.9,16.4,12.6,0.222,,,,,,,1.3,5.2,1.3,0.5,0,0,0.5,Hou,37.14285714,83,220,109.8,93.2
392,Nick Collison,PG,24,3,24.6,51.3,12.9,0.142,,,,,,,3.7,11.1,2,4.3,1.33,0,1,Mem,30.49450549,82,255,105.4,102
393,Nick Young,SG,32,80,17.4,36.3,17.6,0.072,65,0.862,162,0.481,326,0.377,7.3,584,1.6,0.5,0.48,0.09,0.5,Gol,56.52342238,79,210,106.2,107.1
394,Nicolas Batum,SG,29,64,31,64.5,18.3,0.156,130,0.831,376,0.473,274,0.336,11.6,742.4,4.8,5.5,1.02,0.36,2.05,Cha,52.48868778,80,200,107.4,107.1
395,Nicolas Brussino,C,25,8,6.5,13.5,11.4,0.23,,,,,,,1.8,14.4,2.1,0.3,0,0.13,0.38,Mil,71.71314741,80,195,,
396,Nigel Hayes,SF,24,4,8.1,16.8,6.9,0.2,,,,,,,1,4,2.3,0.5,0.5,0.5,0.25,San,50,79,254,116.7,117.4
397,Nik Stauskas,SG,24,3,3.8,7.9,27.6,0.143,,,,,,,1.7,5.1,0.3,0,0,0,0.33,Mia,42.5,78,205,51.5,102.3
398,Nikola Jokic,PF,22,75,32.6,67.9,24.2,0.154,313,0.85,729,0.539,280,0.396,18.5,1387.5,10.7,6.1,1.2,0.81,2.79,Den,60.4986396,82,250,120.7,101.5
399,Nikola Mirotic,PF,26,55,27.19090909,56.64772727,23.57272727,0.078,137,0.81749635,325,0.526132308,358,0.377273743,15.6,858,7.381818182,1.490909091,0.801818182,0.710909091,1.147272727,Nor,57.71714562,82,238,116.9,104.9
400,Nikola Vucevic,C,27,57,29.5,61.5,25.9,0.111,94,0.819,636,0.527,204,0.314,16.5,940.5,9.2,3.4,0.98,1.11,1.93,Orl,53.35504221,84,260,105.1,101.3
401,Noah Vonleh,PF,22,54,16.18888889,33.72685185,14.06666667,0.110666667,58,0.6205,168,0.5,66,0.303,4.883333333,263.7,5.8,0.633333333,0.351111111,0.314444444,0.570555556,Chi,50.80533292,81,245,113.1,97.7
402,Norman Powell,SG,24,70,15.2,31.6,18.9,0.144,39,0.821,188,0.516,186,0.285,5.5,385,1.7,1.3,0.53,0.23,0.94,Tor,49.21259843,76,215,94.5,99.8
403,OG Anunoby,SF,20,74,20,41.7,12.4,0.108,62,0.629,149,0.604,197,0.371,5.9,436.6,2.5,0.7,0.7,0.19,0.61,Tor,58.4815688,80,235,113,101.8
404,Okaro White,PG,24,10,12.5,25.9,18.3,0.038,,,,,,,3.4,34,1.8,1,0.6,0.2,0.2,Bro,33.65003959,80,215,119.9,104.6
405,Omari Johnson,SF,28,1,1.9,4,46,0,,,,,,,0,0,0,0,0,0,0,Nyk,0,81,220,108.4,108.3
406,Omer Asik,PF,32,10,15.9,33.2,18.1,0.109,,,,,45,0.467,7.1,71,2.3,1,0.4,0.1,0.7,Mil,62.28070175,84,255,85.7,98.3
407,Omri Casspi,SF,29,53,14,29.2,16.3,0.135,69,0.725,185,0.595,,,5.7,302.1,3.8,1,0.34,0.36,0.7,Gol,63.63751264,81,225,117.5,99.9
408,Otto Porter Jr.,SF,24,77,31.6,65.8,18.4,0.074,128,0.828,572,0.537,313,0.441,14.7,1131.9,6.4,2,1.51,0.53,0.97,Was,60.12301874,80,198,119.9,104.1
409,Pascal Siakam,PF,23,81,20.7,43.2,15.7,0.111,87,0.621,366,0.612,132,0.22,7.3,591.3,4.5,2,0.77,0.52,0.83,Tor,55.12978295,81,230,113.3,98.3
410,Pat Connaughton,SG,25,82,18.1,37.8,13.4,0.095,44,0.841,180,0.506,210,0.352,5.4,442.8,2,1.1,0.28,0.27,0.52,Por,54.08442447,77,210,110.5,103.7
411,Patrick Beverley,PG,22,3,8.4,17.6,13.6,0.127,,,,,,,3.3,9.9,0.7,2.3,1,0,0.33,Den,71.94767442,73,185,101.9,102.8
412,Patrick McCaw,SG,22,57,16.9,35.1,12.8,0.146,34,0.765,145,0.503,80,0.238,4,228,1.4,1.4,0.75,0.18,0.72,Gol,47.50791799,79,185,96.5,106.5
413,Patrick Patterson,PF,28,82,15.5,32.3,10.8,0.103,46,0.87,95,0.421,171,0.386,3.9,319.8,2.3,0.7,0.59,0.28,0.4,Okc,55.86221353,81,230,114.2,103.7
414,Patty Mills,PG,29,82,25.7,53.5,17.8,0.126,118,0.89,268,0.47,414,0.372,10,820,1.9,2.8,0.67,0.13,1.29,San,55.86439939,72,185,109.2,104.2
415,Pau Gasol,C,37,77,23.5,49,20.4,0.131,209,0.756,507,0.481,120,0.358,10.1,777.7,8,3.1,0.31,1.03,1.4,San,54.08506732,84,250,111.8,98.5
416,Paul George,SF,27,79,36.6,76.2,25.7,0.122,412,0.82,731,0.454,608,0.401,21.9,1730.1,5.7,3.3,2.04,0.49,2.68,Okc,56.9007025,81,220,111.6,101.2
417,Paul Millsap,PF,32,38,29.5,61.6,22.5,0.126,161,0.696,323,0.505,113,0.345,14.6,554.8,6.4,2.8,1.03,1.16,1.92,Den,54.73127614,80,246,109.2,103.8
418,Paul Zipser,PG,26,5,3.8,7.8,14.4,0,,,,,,,0.4,2,0.4,0.2,0,0,0,Uta,16.66666667,80,226,84.5,103.3
419,PJ Dozier,PG,24,1,0.5,1,90,0,,,,,,,3,3,0,0,0,0,0,Uta,150,78,205,,
420,PJ Tucker,SF,32,82,27.8,58,10.5,0.137,60,0.717,131,0.435,310,0.371,6.1,500.2,5.6,0.9,0.94,0.32,0.9,Hou,53.50877193,78,245,107,99.1
421,Quincy Acy,PF,27,70,19.4,40.5,14.4,0.133,60,0.817,73,0.384,292,0.349,5.9,413,3.7,0.8,0.47,0.41,0.86,Bro,52.7593255,79,240,99.5,102.2
422,Quincy Pondexter,PF,37,15,5,10.4,18.2,0.221,,,,,,,2.1,31.5,1.3,0.3,0,0,0.47,Okc,63.71359223,79,225,81.5,101.2
423,Quinn Cook,SF,24,4,2.5,5.2,8.8,0,,,,,,,0,0,0.8,0,0,0,0,Atl,0,74,179,115.3,106.2
424,Rajon Rondo,PG,31,65,26.2,54.6,16.9,0.226,46,0.543,344,0.526,150,0.333,8.3,539.5,4,8.2,1.08,0.15,2.31,Nor,52.45605165,73,186,109.5,104.5
425,Ramon Sessions,PG,31,28,14.025,29.21875,19.28571429,0.181178571,57,0.772,90,0.3778,,,4.878571429,136.6,1.346428571,2.742857143,0.5025,0.074642857,1.107142857,Was,48.41224837,75,190,83.2,106
426,Rashad Vaughn,SF,23,9,13.61111111,28.35648148,14.84444444,0.092333333,,,,,,,3,27,2.444444444,0.666666667,0.222222222,0.333333333,0.222222222,Sac,39.33566434,78,202,112.5,108.8
427,Raul Neto,PG,25,41,12.2,25.3,18.3,0.178,35,0.743,104,0.481,47,0.404,4.5,184.5,1.2,1.8,0.32,0.1,0.88,Uta,55.43870192,73,179,105.8,101.2
428,Raymond Felton,PG,33,82,16.6,34.7,20.3,0.117,44,0.818,322,0.444,230,0.352,6.9,565.8,1.9,2.5,0.6,0.2,0.93,Okc,49.51344161,73,205,105.4,104.8
429,Reggie Bullock,SF,26,62,27.9,58.2,15.7,0.076,49,0.796,265,0.536,281,0.445,11.3,700.6,2.5,1.5,0.76,0.21,0.76,Det,61.72034675,79,205,118.7,108.3
430,Reggie Hearn,PF,25,6,13.3,27.6,10.3,0.055,,,,,,,3.3,19.8,1.8,0.3,0.17,0.17,0.17,Mia,57.15935335,77,210,,
431,Reggie Jackson,PG,27,45,26.7,55.6,27.1,0.135,134,0.836,408,0.475,169,0.308,14.6,657,2.8,5.3,0.6,0.09,2.2,Det,51.65419209,75,208,105.5,104.8
432,Richard Jefferson,F,28,4,18.8,39.1,14.3,0.125,,,,,,,5.5,22,2.8,1.8,0.5,0,0.75,Mem,52.38095238,79,233,106.2,109.4
433,Richaun Holmes,PF,24,48,15.5,32.4,16.7,0.086,56,0.661,211,0.621,31,0.129,6.5,312,4.4,1.3,0.42,0.6,0.52,Phi,58.50585059,82,235,121,93.8
434,Ricky Rubio,PG,27,77,29.3,61,22.9,0.181,254,0.866,554,0.451,273,0.352,13.1,1008.7,4.6,5.3,1.57,0.14,2.69,Uta,53.72512676,76,190,104.8,96.4
435,RJ Hunter,C,31,18,10.08888889,21.01851852,8.955555556,0.232888889,,,,,,,1.233333333,22.19999999,2.577777778,0.144444444,0.11,0.22,0.502222222,Chi,40.04329003,77,185,91.7,91.3
436,Robert Covington,SF,27,80,31.6,65.9,17.2,0.123,136,0.853,286,0.497,550,0.369,12.6,1008,5.4,2,1.71,0.9,1.58,Phi,56.26004644,81,225,106.6,97.8
437,Robin Lopez,C,29,64,26.4,55,20.4,0.135,90,0.756,631,0.536,,,11.8,755.2,4.5,1.9,0.22,0.83,1.67,Chi,55.15629565,84,277,106.1,110.1
438,Rodney Hood,SG,25,60,26.925,56.09375,24.15,0.0736,129,0.860372093,418,0.466330144,333,0.381111111,14.7,882,2.73,1.595,0.749,0.201,1.1685,Cle,54.59542438,80,206,104.1,102.9
439,Rodney McGruder,PG,21,2,1.6,3.3,40.2,0.333,,,,,,,1,2,0.5,0,0,0,0.5,Okc,50,76,200,124.2,105.1
440,Rodney Purvis,SG,29,23,8.5,17.7,15,0.163,,,,,,,2,46,1.2,0.4,0.35,0.09,0.48,Chi,40.7223796,76,205,86.2,107
441,Ron Baker,SG,21,28,7.607142857,15.84821429,13.41428571,0.100428571,,,,,37,0.377972973,2.3,64.4,0.771428571,0.428571429,0.177142857,0.11,0.212857143,Orl,54.91132333,76,220,103.4,105.2
442,Rondae Hollis-Jefferson,SF,23,68,28.2,58.8,22.2,0.124,316,0.788,670,0.491,54,0.241,13.9,945.2,6.8,2.5,0.96,0.71,1.79,Bro,54.75991843,79,214,108.4,104.5
443,Royce O'Neale,SF,24,69,16.7,34.7,14.6,0.148,76,0.803,166,0.47,118,0.356,5,345,3.4,1.4,0.52,0.23,0.8,Uta,54.34097782,78,226,105.5,96.6
444,Rudy Gay,SF,31,57,21.6,45,24.6,0.115,145,0.772,419,0.516,118,0.314,11.5,655.5,5.1,1.3,0.81,0.67,1.37,San,54.55226365,80,230,106,98.2
445,Rudy Gobert,C,25,56,32.4,67.6,16.9,0.157,299,0.682,444,0.622,,,13.5,756,10.7,1.4,0.79,2.3,1.91,Uta,65.67516853,85,245,122.7,96.2
446,Russell Westbrook,PG,29,80,36.4,75.9,34.1,0.164,566,0.737,1361,0.485,326,0.298,25.4,2032,10.1,10.3,1.84,0.25,4.76,Okc,52.47825458,75,200,108.6,100.2
447,Ryan Anderson,PF,29,66,26.1,54.5,14.4,0.076,93,0.774,141,0.539,339,0.386,9.3,613.8,5,0.9,0.36,0.32,0.65,Hou,58.91499654,82,240,121.3,102.6
448,Ryan Arcidiacono,SG,26,3,2.2,4.6,13.4,0,,,,,,,1,3,0,0,0,0,0,Det,75,75,195,105,108.7
449,Salah Mejri,C,31,61,11.9,24.9,12.8,0.19,66,0.576,134,0.657,,,3.5,213.5,4,0.6,0.36,1.1,0.64,Dal,64.29173693,86,235,122.8,91.7
450,Sam Dekker,SF,23,73,12.1,25.2,15.5,0.107,56,0.661,199,0.593,60,0.167,4.2,306.6,2.4,0.5,0.33,0.12,0.47,Lac,54.04738401,81,230,107,104.9
451,Scotty Hopson,SF,37,20,8.2,17,9.3,0.143,,,,,,,1.5,30,0.9,0.8,0.1,0.05,0.25,Den,49.86702128,79,204,53.5,119
452,Sean Kilpatrick,SG,28,52,12.28461538,25.59294872,24.12115385,0.102769231,72,0.888916667,150,0.426806667,144,0.319701389,6.311538462,328.2,1.686538462,0.890384615,0.253269231,0.093269231,0.710576923,Chi,50.38688283,76,212,80.3,109.3
453,Semi Ojeleye,PF,23,73,15.8,32.8,9,0.108,41,0.61,63,0.397,125,0.32,2.7,197.1,2.2,0.3,0.29,0.05,0.34,Bos,47.83051835,79,235,97.2,100.7
454,Serge Ibaka,PF,28,76,27.5,57.4,19.4,0.097,118,0.797,487,0.559,297,0.36,12.6,957.6,6.3,0.8,0.38,1.3,1.18,Tor,57.27820844,82,235,109.3,98.9
455,Shabazz Muhammad,SF,25,43,9.706976744,20.22286822,22.80232558,0.030116279,50,0.7803,161,0.478434783,,,5.002325581,215.1,1.758139535,0.302325581,0.211162791,0.067674419,0.142093023,Mil,51.21428571,78,221,98.7,107.8
456,Shabazz Napier,PG,26,74,20.8,43.2,19.5,0.132,138,0.841,313,0.45,218,0.376,8.7,643.8,2.3,2,1.09,0.19,1.22,Por,54.40073008,73,175,107,103.9
457,Shane Larkin,PG,25,54,14.3,29.9,15.5,0.123,37,0.865,133,0.398,86,0.36,4.3,232.2,1.7,1.8,0.54,0.06,0.61,Bos,49.34546073,71,175,104.7,100.2
458,Shaquille Harrison,PG,24,23,16.7,34.8,18,0.135,38,0.737,98,0.541,,,6.6,151.8,2.7,2.4,1.13,0.3,0.96,Pho,53.93689596,76,190,108.9,102.6
459,Shaun Livingston,PG,32,71,15.9,33.1,16.7,0.136,61,0.82,338,0.509,,,5.5,390.5,1.8,2,0.49,0.3,0.82,Gol,52.79309972,79,192,107.7,103
460,Shelvin Mack,PG,27,69,19.8,41.2,17.6,0.163,97,0.711,275,0.473,139,0.345,6.9,476.1,2.4,3.9,0.78,0.12,1.29,Orl,52.12621529,75,203,106.5,107.4
461,Sindarius Thornwell,SG,23,73,15.8,33,12.1,0.163,88,0.67,172,0.448,61,0.377,3.9,284.7,1.9,0.9,0.66,0.34,0.73,Lac,52.38848815,77,215,100.9,102.7
462,Skal Labissiere,PF,21,60,20.7,43.1,21.1,0.125,118,0.805,407,0.459,51,0.353,8.7,522,4.8,1.2,0.42,0.82,1.22,Sac,51.18449953,83,225,102.9,103.6
463,Solomon Hill,SG,24,5,9,18.8,22.4,0.087,,,,,,,3.8,19,1,0.6,0.6,0,0.4,Hou,45.49808429,79,225,84.4,99.4
464,Spencer Dinwiddie,PG,24,80,28.8,60.1,20.3,0.118,268,0.813,405,0.452,433,0.326,12.6,1008,3.2,6.6,0.86,0.29,1.6,Bro,52.72407733,78,200,114.6,106.7
465,Stanley Johnson,SF,21,69,27.4,57.2,16.4,0.11,145,0.772,326,0.439,234,0.286,8.7,600.3,3.7,1.6,1.38,0.2,1.12,Det,48.11638346,79,245,96.8,100.2
466,Stephen Curry,PG,29,51,32,66.6,31,0.133,302,0.921,363,0.595,501,0.423,26.4,1346.4,5.1,6.1,1.57,0.16,3,Gol,67.53069577,75,190,124.7,104.1
467,Sterling Brown,SG,26,18,16.6,34.6,12.1,0.05,,,,,35,0.429,5.1,91.8,1.8,0.9,0.44,0.17,0.22,Mia,59.98431783,78,230,100.1,102.2
468,Steven Adams,C,24,76,32.7,68.2,16.7,0.132,287,0.557,710,0.631,,,13.9,1056.4,9,1.2,1.21,1.03,1.68,Okc,63.0099728,84,255,124.1,101.9
469,T.J. McConnell,PG,25,76,22.5,46.8,13.8,0.204,39,0.795,359,0.51,62,0.435,6.3,478.8,3,4,1.21,0.17,1.47,Phi,54.63757531,74,190,108.5,101.4
470,Taj Gibson,PF,32,82,33.2,69.3,14.7,0.098,185,0.768,702,0.595,35,0.2,12.2,1000.4,7.1,1.2,0.76,0.72,1.09,Min,61.11925709,81,235,122.6,105.8
471,Tarik Black,C,26,51,10.5,21.9,15.6,0.184,63,0.46,116,0.638,,,3.5,178.5,3.2,0.3,0.41,0.59,0.69,Hou,57.68485005,81,250,110.7,86.5
472,Taurean Prince,SF,23,82,30,62.6,22.1,0.153,180,0.844,518,0.461,457,0.385,14.1,1156.2,4.7,2.6,1.04,0.51,2.33,Atl,54.83779169,80,220,100.2,106.5
473,Terrance Ferguson,SG,24,29,13.3,27.6,10.1,0.203,,,,,33,0.333,2.4,69.6,1,1.6,0.9,0.21,0.62,Nyk,49.09706546,79,184,114.9,102.2
474,Terrence Ross,SF,26,24,25,52.1,17.3,0.123,36,0.75,98,0.469,93,0.323,8.7,208.8,3,1.6,1.13,0.46,1.21,Orl,50.47379617,79,206,96.6,106.1
475,Terry Rozier,PG,23,80,25.9,53.9,20.4,0.085,149,0.772,398,0.41,402,0.381,11.3,904,4.7,2.9,1,0.24,1,Bos,52.22052775,74,190,109.1,100.3
476,Thabo Sefolosha,SF,33,38,21.2,44.2,16.4,0.102,54,0.815,156,0.551,84,0.381,8.2,311.6,4.2,0.9,1.37,0.32,0.79,Uta,59.06885047,79,220,113.8,96.9
477,Thaddeus Young,PF,29,81,32.2,67.1,17.3,0.104,92,0.598,684,0.531,181,0.32,11.8,955.8,6.3,1.9,1.67,0.44,1.3,Ind,52.77863675,80,230,108.4,103.8
478,Thomas Bryant,PG,23,24,12.7,26.4,8.1,0.23,,,,,31,0.29,2,48,1,1.5,0.54,0,0.54,Chi,54.99541705,82,248,99.6,102.5
479,Thon Maker,PF,20,74,16.7,34.9,14.6,0.11,93,0.699,212,0.467,104,0.298,4.8,355.2,3,0.6,0.51,0.72,0.59,Mil,49.75904965,85,223,103.6,100.4
480,Tim Frazier,PG,27,59,14.2,29.6,12.8,0.235,30,0.767,116,0.44,56,0.304,3,177,1.9,3.3,0.8,0.12,0.97,Was,47.78617711,73,170,105.3,98.8
481,Tim Hardaway Jr.,SG,25,57,33.1,68.9,23.8,0.09,179,0.816,446,0.516,410,0.317,17.5,997.5,3.9,2.7,1.11,0.18,1.61,Nyk,53.35594163,78,205,106.3,108.6
482,Tim Quarterman,SG,28,1,8.4,17.5,15.6,0.347,,,,,,,1,1,0,1,0,0,1,Dal,26.59574468,78,190,77.9,100.6
483,Timofey Mozgov,C,31,31,11.6,24.2,16.8,0.237,30,0.767,75,0.64,,,4.2,130.2,3.2,0.4,0.16,0.42,1.06,Bro,61.29943503,85,275,102.9,102.2
484,Timothe Luwawu-Cabarrot,SF,22,52,15.5,32.3,17.5,0.115,58,0.793,109,0.431,158,0.335,5.8,301.6,1.4,1,0.23,0.1,0.73,Phi,51.55203063,78,200,101,99.6
485,TJ Leaf,SF,26,12,15.6,32.5,12.2,0.171,,,,,,,2.4,28.8,3,1.8,0.58,0.08,0.75,Nor,32.99725023,82,230,112.9,103.2
486,TJ Warren,SF,24,65,33,68.6,25,0.067,255,0.757,973,0.523,90,0.222,19.6,1274,5.1,1.3,1,0.63,1.31,Pho,54.20353982,80,215,108.8,110.1
487,Tobias Harris,PF,25,80,33.36,69.5,23.32,0.0724,216,0.828962963,776,0.488166237,445,0.410898876,18.58,1486.4,5.46,2.44,0.89,0.438,1.3,Lac,56.47244765,81,235,113,105
488,Tomas Satoransky,SG,26,73,22.5,46.9,13.7,0.163,96,0.781,283,0.544,101,0.465,7.2,525.6,3.2,3.9,0.7,0.21,1.14,Was,61.65540541,79,210,124.5,104.9
489,Tony Allen,SG,19,61,12.5,26.1,10.4,0.06,,,,,120,0.333,3.1,189.1,0.8,0.3,0.39,0.16,0.18,Okc,54.52710496,76,213,95.2,93.9
490,Tony Bradley,C,20,15,4.8,10,15.8,0.074,,,,,,,1.5,22.5,1.1,0.4,0.07,0.13,0.13,Lal,45.07211538,82,248,,
491,Tony Parker,PG,35,55,19.5,40.6,20.5,0.139,78,0.705,351,0.479,37,0.27,7.7,423.5,1.7,3.5,0.51,0.02,1.24,San,50.13970449,74,185,102.7,104.9
492,Tony Snell,SF,26,75,27.4,57,10.6,0.075,48,0.792,157,0.49,268,0.403,6.9,517.5,1.9,1.3,0.63,0.37,0.48,Mil,58.00008966,79,221,113.4,111
493,Torrey Craig,SG,27,39,16.7,34.7,11.6,0.116,35,0.629,79,0.57,58,0.293,4.2,163.8,3.3,0.6,0.31,0.38,0.51,Den,53.74015748,78,215,111,104.6
494,Travis Wear,SG,23,3,4.2,8.8,20.4,0.34,,,,,,,1.3,3.9,1,0.3,0,0,0.67,Hou,50.25773196,82,225,98.3,97.8
495,Treveon Graham,SG,24,63,16.7,34.7,11.3,0.099,59,0.695,124,0.452,97,0.412,4.3,270.9,1.9,0.9,0.52,0.03,0.43,Cha,54.84693878,77,219,114.6,101.4
496,Trevor Ariza,SF,32,67,33.9,70.6,14.5,0.071,89,0.854,189,0.519,462,0.368,11.7,783.9,4.4,1.6,1.46,0.19,0.79,Hou,56.79117886,80,215,113.8,102.9
497,Trevor Booker,PF,30,68,17.02647059,35.47181373,15.93529412,0.129455882,93,0.709806452,310,0.544851613,33,0.242363636,6.304411765,428.7,4.667647059,1.194117647,0.409411765,0.306764706,0.870588235,Ind,55.83194416,80,228,105.1,101.2
498,Trey Burke,PG,25,36,21.8,45.4,25.2,0.095,57,0.649,279,0.556,105,0.362,12.8,460.8,2,4.7,0.67,0.11,1.19,Nyk,56.32150191,73,191,117,110.9
499,Trey Lyles,PF,22,73,19.1,39.7,21.1,0.09,145,0.697,332,0.563,218,0.381,9.9,722.7,4.8,1.2,0.41,0.47,0.84,Den,58.87096774,82,234,115.9,104.2
500,Trey McKinney-Jones,C,20,9,3.2,6.7,18.4,0,,,,,,,0.9,8.1,1.2,0.1,0,0,0,Uta,34.09090909,77,220,,
501,Tristan Thompson,C,26,53,20.2,42.1,12.6,0.118,79,0.544,235,0.562,,,5.8,307.4,6.6,0.6,0.3,0.32,0.68,Cle,56.97657177,81,238,121.5,103.4
502,Troy Daniels,SG,26,79,20.5,42.8,17.2,0.085,64,0.875,117,0.419,458,0.4,8.9,703.1,1.6,0.6,0.33,0.06,0.71,Pho,58.28470058,76,205,109.5,110.1
503,Troy Williams,SF,23,21,14.66190476,30.54563492,21.38571429,0.129285714,30,0.6669,71,0.563225352,38,0.289184211,6.319047619,132.7,3.023809524,0.785714286,0.954285714,0.194285714,0.905714286,Nyk,54.29623568,79,218,59.2,94.2
504,Tyler Cavanaugh,SF,27,17,13.4,27.9,15.2,0.074,,,,,47,0.362,4.4,74.8,2.2,0.4,0.24,0.29,0.35,Lal,49.52330508,81,238,119.1,101.5
505,Tyler Dorsey,SG,21,56,17.4,36.2,20.1,0.083,63,0.714,183,0.393,200,0.36,7.2,403.2,2.3,1.4,0.3,0.09,0.66,Atl,49.08453448,77,183,100.1,108.6
506,Tyler Ennis,SG,27,1,1.2,2.5,0,,,,,,,,0,0,0,0,0,0,0,Ind,#DIV/0!,75,194,101,100.1
507,Tyler Johnson,SG,25,72,28.5,59.4,18.6,0.095,129,0.822,387,0.491,324,0.367,11.7,842.4,3.4,2.3,0.83,0.47,1.13,Mia,54.86089403,76,190,108.9,103.7
508,Tyler Lydon,PF,21,1,2.2,4.6,0,,,,,,,,0,0,0,0,0,0,0,Den,#DIV/0!,81,220,,
509,Tyler Ulis,PG,22,71,23.4,48.7,18.5,0.176,101,0.832,405,0.425,146,0.288,7.8,553.8,1.8,4.4,0.99,0.1,1.79,Pho,46.50342604,70,160,96.3,110.1
510,Tyler Zeller,C,28,66,16.77272727,34.94318182,16.48181818,0.111909091,79,0.721835443,306,0.578781046,,,6.663636364,439.8,4.6,0.736363636,0.226363636,0.514545455,0.71,Mil,59.63228116,84,250,113.3,102
511,Tyreke Evans,SF,28,52,30.9,64.4,28.4,0.115,209,0.785,523,0.482,286,0.399,19.4,1008.8,5.1,5.2,1.1,0.33,2.25,Mem,55.9847274,78,220,111.5,108.7
512,Tyrone Wallace,SG,23,30,28.4,59.1,16.6,0.141,78,0.782,207,0.483,40,0.25,9.7,291,3.5,2.4,0.9,0.43,1.53,Lac,51.72046069,77,198,102.3,104.2
513,Tyson Chandler,C,35,46,25,52.1,10.6,0.205,94,0.617,187,0.647,,,6.5,299,9.1,1.2,0.35,0.59,1.28,Pho,65.4668068,85,240,122.3,104.5
514,Tyus Jones,PG,21,82,17.9,37.3,12.7,0.14,81,0.877,199,0.528,129,0.349,5.1,418.2,1.6,2.8,1.16,0.06,0.72,Min,57.50192498,74,184,119.3,105.6
515,Udonis Haslem,PF,37,14,5.1,10.7,11.2,0.112,,,,,,,0.6,8.4,0.7,0.4,0,0.14,0.14,Mia,26.44836272,80,235,71.6,109.4
516,Vander Blue,G,25,5,9,18.7,8.4,0.338,,,,,,,0.6,3,0.2,0.6,0.2,0,0.6,Lal,25.51020408,77,200,51.8,110.7
517,Victor Oladipo,SG,25,75,34,70.9,30.1,0.127,368,0.799,908,0.528,434,0.371,23.1,1732.5,5.2,4.3,2.35,0.76,2.92,Ind,57.59947338,76,210,109.7,102.3
518,Vince Carter,SG,41,58,17.7,36.9,14.7,0.107,37,0.757,118,0.483,165,0.345,5.4,313.2,2.6,1.2,0.72,0.45,0.62,Sac,52.3255814,78,220,103.7,104.5
519,Vincent Hunter,SF,23,4,1.9,3.9,36.4,0.167,,,,,,,1.5,6,0.8,0,0,0.25,0.25,Mem,60,80,208,,
520,Wade Baldwin IV,PG,21,7,11.5,24,16,0.136,,,,,,,5.4,37.8,1.1,0.7,0.29,0.14,0.57,Por,74.40944882,76,202,131.5,95.4
521,Walter Lemon Jr.,PG,25,5,7,14.6,26.3,0.188,,,,,,,3.4,17,0.4,1,0,0.2,0.8,Nor,49.07621247,75,180,88,101.4
522,Wayne Ellington,SG,30,77,26.5,55.2,17.3,0.066,78,0.859,121,0.479,579,0.392,11.2,862.4,2.8,1,0.69,0.1,0.68,Mia,58.72099357,77,200,113.7,107.2
523,Wayne Selden,G,23,35,19.8,41.2,22.7,0.155,59,0.746,147,0.456,122,0.402,9.3,325.5,1.6,1.9,0.51,0.14,1.54,Mem,55.17697315,77,230,101.7,108.8
524,Wes Iwundu,SG,23,62,16.5,34.3,11.6,0.112,47,0.723,172,0.488,46,0.196,3.7,229.4,2.2,0.9,0.53,0.19,0.48,Orl,48.05597453,79,195,100.4,106.6
525,Wesley Johnson,SF,30,74,20.1,41.8,13,0.123,58,0.741,191,0.471,177,0.339,5.4,399.6,2.9,0.8,1.03,0.84,0.74,Lac,50.77251474,79,215,99.5,102.2
526,Wesley Matthews,SG,31,63,33.8,70.5,17.6,0.101,101,0.822,295,0.441,402,0.381,12.7,800.1,3.1,2.7,1.21,0.25,1.32,Dal,53.95581571,77,220,105.1,106.9
527,Will Barton,SG,27,81,33.1,69,20.7,0.117,226,0.805,606,0.51,422,0.37,15.7,1271.7,5,4.1,1.01,0.64,1.85,Den,56.3976797,78,190,113.1,107.8
528,Willie Cauley-Stein,C,24,73,28,58.3,21.8,0.11,247,0.619,760,0.507,,,12.8,934.4,7,2.4,1.05,0.92,1.49,Sac,53.04991597,84,240,106.6,103.3
529,Willie Reed,PF,27,42,10.15714286,21.16071429,15.94285714,0.107714286,55,0.582,119,0.671781513,,,4.6,193.2,2.9,0.207142857,0.213571429,0.52,0.455,Det,66.52892562,83,245,124.8,98.6
530,Willy Hernangomez,C,23,48,10.32916667,21.51909722,21.20833333,0.148791667,90,0.655644444,153,0.56254902,,,5.125,246,3.8375,0.6625,0.374166667,0.334166667,0.706666667,Cha,60.11730205,83,240,102.3,97.4
531,Wilson Chandler,SF,30,74,31.7,66.1,14.3,0.119,114,0.772,385,0.501,246,0.358,10,740,5.4,2.1,0.58,0.53,1.24,Den,54.31910271,81,225,110.2,108.1
532,Xavier Munford,PG,25,6,3.5,7.2,19.3,0.225,,,,,,,0.5,3,0.2,0.7,0.17,0,0.33,Mil,21.80232558,76,173,,
533,Xavier Rathan-Mayes,SG,23,5,23.6,49.1,21.7,0.193,,,,,,,5.8,29,1,3.6,1.2,0.6,2.2,Mem,31.54917319,76,208,67.8,99.5
534,Xavier Silas,G,30,2,3.8,7.8,17.9,0,,,,,,,0,0,1,0,0.5,0,0,Bos,0,77,205,,
535,Yogi Ferrell,PG,24,82,27.8,58,17,0.091,103,0.796,372,0.476,359,0.373,10.2,836.4,3,2.5,0.78,0.11,0.95,Dal,53.86953833,72,180,106.9,106.8
536,Zach Collins,C,20,66,15.8,33,15.4,0.161,42,0.643,177,0.452,113,0.31,4.4,290.4,3.3,0.8,0.26,0.47,0.89,Por,47.06950207,84,230,92.6,96.1
537,Zach LaVine,SG,22,24,27.3,57,29.5,0.097,107,0.813,232,0.405,123,0.341,16.7,400.8,4,3,1,0.17,1.79,Chi,49.8408277,77,185,99.2,105.1
538,Zach Randolph,PF,36,59,25.6,53.2,27.6,0.125,107,0.785,616,0.503,147,0.347,14.5,855.5,6.7,2.2,0.71,0.17,1.97,Sac,52.80342682,81,250,101.6,105
539,Zaza Pachulia,C,33,69,14.1,29.3,17,0.194,93,0.806,262,0.569,,,5.4,372.6,4.7,1.6,0.55,0.25,1.06,Gol,61.29902606,83,270,117.6,95.6
540,Zhou Qi,PF,22,18,6.9,14.4,16.8,0.212,,,,,,,1.2,21.6,1.2,0.1,0.11,0.78,0.56,Hou,28.96995708,85,210,60.8,98.2
